"method","uri","name","action","middleware","has_auth","has_verified","area_gate","resource","ability","authorization_type","authorization_name","authorization_level","roles","notes"
"GET|HEAD","api/catalog-items",,"App\Http\Controllers\CatalogItemController@search","web | Illuminate\Auth\Middleware\Authenticate | Illuminate\Auth\Middleware\EnsureEmailIsVerified","True","True","","CatalogItem","viewAny","policy_inferred","CatalogItemPolicy.viewAny","specific_roles_plus_admin","developer|manager|logistic|warehouse_chief|warehouse_manager|warehouse_worker|admin","Inferred from controller action App\Http\Controllers\CatalogItemController@search"
"POST","api/catalog-items",,"App\Http\Controllers\CatalogItemController@store","web | Illuminate\Auth\Middleware\Authenticate | Illuminate\Auth\Middleware\EnsureEmailIsVerified","True","True","","CatalogItem","create","policy_inferred","CatalogItemPolicy.create","control_roles_plus_admin","developer|manager|logistic|admin","Inferred from controller action App\Http\Controllers\CatalogItemController@store"
"POST","api/customer/{customer}/recalculate-risk",,"App\Http\Controllers\CustomerController@recalculateRisk","web | Illuminate\Auth\Middleware\Authenticate | Illuminate\Auth\Middleware\EnsureEmailIsVerified","True","True","","Customer","update","policy_inferred","CustomerPolicy.update","specific_roles_plus_admin","developer|manager|logistic|admin","Inferred from controller action App\Http\Controllers\CustomerController@recalculateRisk"
"POST","api/driver/journeys/{journey}/start",,"App\Http\Controllers\API_DriverJourneyStopsController@startJourney","web | Illuminate\Auth\Middleware\Authenticate | Illuminate\Auth\Middleware\EnsureEmailIsVerified","True","True","","","","controller_check","authorizeDriver","ownership","assigned_driver_only","Journey driver must match request user"
"PUT","api/driver/journeys/{journey}/stops/{stop}/complete",,"App\Http\Controllers\API_DriverJourneyStopsController@complete","web | Illuminate\Auth\Middleware\Authenticate | Illuminate\Auth\Middleware\EnsureEmailIsVerified","True","True","","","","controller_check","authorizeDriver","ownership","assigned_driver_only","Journey driver must match request user"
"PUT","api/driver/journeys/{journey}/stops/{stop}/skip",,"App\Http\Controllers\API_DriverJourneyStopsController@skip","web | Illuminate\Auth\Middleware\Authenticate | Illuminate\Auth\Middleware\EnsureEmailIsVerified","True","True","","","","controller_check","authorizeDriver","ownership","assigned_driver_only","Journey driver must match request user"
"PUT","api/driver/journeys/{journey}/stops/reorder",,"App\Http\Controllers\API_DriverJourneyStopsController@reorder","web | Illuminate\Auth\Middleware\Authenticate | Illuminate\Auth\Middleware\EnsureEmailIsVerified","True","True","","","","controller_check","authorizeDriver","ownership","assigned_driver_only","Journey driver must match request user"
"POST","api/driver/journeys/{journey}/stops/technical",,"App\Http\Controllers\API_DriverJourneyStopsController@createTechnical","web | Illuminate\Auth\Middleware\Authenticate | Illuminate\Auth\Middleware\EnsureEmailIsVerified","True","True","","","","controller_check","authorizeDriver","ownership","assigned_driver_only","Journey driver must match request user"
"PUT","api/journey/updateState/{journey}",,"App\Http\Controllers\API_DriverJourneyUpdateController@updateState","web | Illuminate\Auth\Middleware\Authenticate | Illuminate\Auth\Middleware\EnsureEmailIsVerified","True","True","","","","policy","JourneyPolicy.update","specific_roles_or_ownership_or_admin","developer|manager|logistic|assigned_driver|admin","Gate::authorize('update', $journey)"
"GET|HEAD","api/journeys/{journey}/documents-status",,"App\Http\Controllers\JourneyController@documentsStatus","web | Illuminate\Auth\Middleware\Authenticate | Illuminate\Auth\Middleware\EnsureEmailIsVerified","True","True","","","","policy","JourneyPolicy.view","specific_roles_or_ownership_or_admin","developer|manager|logistic|warehouse_chief|warehouse_manager|warehouse_worker|assigned_driver|admin","Journey document status"
"POST","api/journeys/{journey}/generate-documents",,"App\Http\Controllers\JourneyController@generateDocuments","web | Illuminate\Auth\Middleware\Authenticate | Illuminate\Auth\Middleware\EnsureEmailIsVerified","True","True","","","","policy","JourneyPolicy.update","specific_roles_or_ownership_or_admin","developer|manager|logistic|assigned_driver|admin","Journey document generation"
"PUT","api/logistic/dispatch/{journey}/cargos","api.logistic-dispatch.cargos.save","App\Http\Controllers\API_LogisticDispatchWorkspaceController@upsertCargos","web | Illuminate\Auth\Middleware\Authenticate | Illuminate\Auth\Middleware\EnsureEmailIsVerified","True","True","","","","policy_ability","JourneyPolicy.dispatchWorkspaceSave","specific_roles_plus_admin","developer|manager|logistic|admin","Mutating dispatch cargo data"
"POST","api/logistic/dispatch/{journey}/close","api.logistic-dispatch.close","App\Http\Controllers\API_LogisticDispatchWorkspaceController@close","web | Illuminate\Auth\Middleware\Authenticate | Illuminate\Auth\Middleware\EnsureEmailIsVerified","True","True","","","","policy_ability","JourneyPolicy.dispatchWorkspaceClose","specific_roles_plus_admin","developer|manager|logistic|admin","Dispatch close"
"POST","api/logistic/dispatch/{journey}/confirm","api.logistic-dispatch.confirm","App\Http\Controllers\API_LogisticDispatchWorkspaceController@confirm","web | Illuminate\Auth\Middleware\Authenticate | Illuminate\Auth\Middleware\EnsureEmailIsVerified","True","True","","","","policy_ability","JourneyPolicy.dispatchWorkspaceConfirm","specific_roles_plus_admin","developer|manager|logistic|admin","Confirm dispatch management"
"POST","api/logistic/dispatch/{journey}/events","api.logistic-dispatch.events","App\Http\Controllers\API_LogisticDispatchWorkspaceController@appendEvent","web | Illuminate\Auth\Middleware\Authenticate | Illuminate\Auth\Middleware\EnsureEmailIsVerified","True","True","","","","policy_ability_dynamic","JourneyPolicy.dispatchWorkspaceAppend*","mixed","warehouse_event=control|warehouse|admin; transshipment_proposal=control|warehouse|admin; logistic_event=control|admin","Ability depends on event type"
"POST","api/logistic/dispatch/{journey}/hold","api.logistic-dispatch.hold","App\Http\Controllers\API_LogisticDispatchController@hold","web | Illuminate\Auth\Middleware\Authenticate | Illuminate\Auth\Middleware\EnsureEmailIsVerified","True","True","","","","policy_ability","JourneyPolicy.dispatchWorkspaceSave","specific_roles_plus_admin","developer|manager|logistic|admin","Control roles only"
"PUT","api/logistic/dispatch/{journey}/plan","api.logistic-dispatch.update-plan","App\Http\Controllers\API_LogisticDispatchController@updatePlan","web | Illuminate\Auth\Middleware\Authenticate | Illuminate\Auth\Middleware\EnsureEmailIsVerified","True","True","","","","policy_ability","JourneyPolicy.dispatchWorkspaceSave","specific_roles_plus_admin","developer|manager|logistic|admin","Control roles only"
"POST","api/logistic/dispatch/{journey}/resume","api.logistic-dispatch.resume","App\Http\Controllers\API_LogisticDispatchController@resume","web | Illuminate\Auth\Middleware\Authenticate | Illuminate\Auth\Middleware\EnsureEmailIsVerified","True","True","","","","policy_ability","JourneyPolicy.dispatchWorkspaceSave","specific_roles_plus_admin","developer|manager|logistic|admin","Control roles only"
"GET|HEAD","api/logistic/dispatch/{journey}/workspace","api.logistic-dispatch.workspace","App\Http\Controllers\API_LogisticDispatchWorkspaceController@workspace","web | Illuminate\Auth\Middleware\Authenticate | Illuminate\Auth\Middleware\EnsureEmailIsVerified","True","True","","","","policy_ability","JourneyPolicy.dispatchWorkspaceView","specific_roles_or_ownership_or_admin","developer|manager|logistic|warehouse_chief|warehouse_manager|warehouse_worker|assigned_driver|admin","View workspace"
"PUT","api/logistic/dispatch/{journey}/workspace","api.logistic-dispatch.workspace.save","App\Http\Controllers\API_LogisticDispatchWorkspaceController@saveWorkspace","web | Illuminate\Auth\Middleware\Authenticate | Illuminate\Auth\Middleware\EnsureEmailIsVerified","True","True","","","","policy_ability","JourneyPolicy.dispatchWorkspaceSave","specific_roles_plus_admin","developer|manager|logistic|admin","Mutating dispatch workspace"
"POST","api/logistic/transshipments/{transshipment}/approve","api.logistic-transshipments.approve","App\Http\Controllers\API_LogisticDispatchWorkspaceController@approveTransshipment","web | Illuminate\Auth\Middleware\Authenticate | Illuminate\Auth\Middleware\EnsureEmailIsVerified","True","True","","","","policy_ability","JourneyPolicy.dispatchTransshipmentApprove","specific_roles_plus_admin","developer|manager|logistic|admin","Transshipment approval"
"POST","api/logistic/transshipments/{transshipment}/cancel","api.logistic-transshipments.cancel","App\Http\Controllers\API_LogisticDispatchWorkspaceController@cancelTransshipment","web | Illuminate\Auth\Middleware\Authenticate | Illuminate\Auth\Middleware\EnsureEmailIsVerified","True","True","","","","policy_ability","JourneyPolicy.dispatchTransshipmentApprove","specific_roles_plus_admin","developer|manager|logistic|admin","Transshipment cancellation"
"POST","api/nlp/logistics/parse",,"App\Http\Controllers\API_NlpLogisticsParseController@parse","web | Illuminate\Auth\Middleware\Authenticate | Illuminate\Auth\Middleware\EnsureEmailIsVerified","True","True","","","","gate","useLogisticsNlp","specific_roles_plus_admin","developer|manager|logistic|admin","NLP parsing"
"PUT","api/order/updateState/{order}",,"App\Http\Controllers\API_DriverOrderUpdateController@updateState","web | Illuminate\Auth\Middleware\Authenticate | Illuminate\Auth\Middleware\EnsureEmailIsVerified","True","True","","","","policy","OrderPolicy.update","specific_roles_or_ownership_or_admin","developer|manager|logistic|assigned_driver|admin","Gate::authorize('update', $order)"
"DELETE","api/order-item-explosions/{id}",,"App\Http\Controllers\OrderItemExplosionController@destroy","web | Illuminate\Auth\Middleware\Authenticate | Illuminate\Auth\Middleware\EnsureEmailIsVerified","True","True","","","","stale_route","missing_controller_method","invalid","n/a","Route exists but destroy method is not implemented in controller"
"PUT","api/order-item-explosions/{id}",,"App\Http\Controllers\OrderItemExplosionController@update","web | Illuminate\Auth\Middleware\Authenticate | Illuminate\Auth\Middleware\EnsureEmailIsVerified","True","True","","","","stale_route","missing_controller_method","invalid","n/a","Route exists but update method is not implemented in controller"
"POST","api/order-items/{orderItem}/explode/recipe",,"App\Http\Controllers\OrderItemExplosionController@applyRecipe","web | Illuminate\Auth\Middleware\Authenticate | Illuminate\Auth\Middleware\EnsureEmailIsVerified","True","True","","","","stale_route","missing_controller_method","invalid","n/a","Route exists but applyRecipe method is not implemented in controller"
"POST","api/order-items/{orderItem}/explosions",,"App\Http\Controllers\OrderItemExplosionController@store","web | Illuminate\Auth\Middleware\Authenticate | Illuminate\Auth\Middleware\EnsureEmailIsVerified","True","True","","","","stale_route","missing_controller_method","invalid","n/a","Route exists but store method is not implemented in controller"
"GET|HEAD","api/orders/{order}/documents",,"App\Http\Controllers\API_OrderDocumentsController@list","web | Illuminate\Auth\Middleware\Authenticate | Illuminate\Auth\Middleware\EnsureEmailIsVerified","True","True","","","","policy","OrderPolicy.view","specific_roles_or_ownership_or_admin","developer|manager|logistic|warehouse_chief|warehouse_manager|warehouse_worker|assigned_driver|admin","Document list"
"GET|HEAD","api/orders/{order}/documents/{document}/download",,"App\Http\Controllers\API_OrderDocumentsController@download","web | Illuminate\Auth\Middleware\Authenticate | Illuminate\Auth\Middleware\EnsureEmailIsVerified","True","True","","","","policy","OrderPolicy.view","specific_roles_or_ownership_or_admin","developer|manager|logistic|warehouse_chief|warehouse_manager|warehouse_worker|assigned_driver|admin","Document download"
"GET|HEAD","api/orders/{order}/document-status",,"App\Http\Controllers\API_OrderDocumentsController@status","web | Illuminate\Auth\Middleware\Authenticate | Illuminate\Auth\Middleware\EnsureEmailIsVerified","True","True","","","","policy","OrderPolicy.view","specific_roles_or_ownership_or_admin","developer|manager|logistic|warehouse_chief|warehouse_manager|warehouse_worker|assigned_driver|admin","Document status"
"POST","api/orders/{order}/generate-documents",,"App\Http\Controllers\API_OrderDocumentsController@generate","web | Illuminate\Auth\Middleware\Authenticate | Illuminate\Auth\Middleware\EnsureEmailIsVerified","True","True","","","","policy","OrderPolicy.update","specific_roles_or_ownership_or_admin","developer|manager|logistic|assigned_driver|admin","Document generation"
"GET|HEAD","api/recipes/{recipe}/tree","api.recipes.tree","App\Http\Controllers\API_RecipeController@recipeTree","web | Illuminate\Auth\Middleware\Authenticate | Illuminate\Auth\Middleware\EnsureEmailIsVerified","True","True","","","","policy","RecipePolicy.view","specific_roles_plus_admin","developer|manager|logistic|warehouse_chief|warehouse_manager|warehouse_worker|admin","Recipe tree lookup"
"GET|HEAD","api/recipes/default-tree",,"App\Http\Controllers\API_RecipeController@defaultTree","web | Illuminate\Auth\Middleware\Authenticate | Illuminate\Auth\Middleware\EnsureEmailIsVerified","True","True","","","","policy","CatalogItemPolicy.viewAny","specific_roles_plus_admin","developer|manager|logistic|warehouse_chief|warehouse_manager|warehouse_worker|admin","Recipe default tree lookup"
"POST","api/site/{site}/recalculate-risk",,"App\Http\Controllers\API_SiteBooleanUpdateController@recalculateRisk","web | Illuminate\Auth\Middleware\Authenticate | Illuminate\Auth\Middleware\EnsureEmailIsVerified","True","True","","","","policy","SitePolicy.update","specific_roles_plus_admin","developer|manager|logistic|admin","Site risk recalculation"
"PUT","api/site/updateBooleans/{site}",,"App\Http\Controllers\API_SiteBooleanUpdateController@update","web | Illuminate\Auth\Middleware\Authenticate | Illuminate\Auth\Middleware\EnsureEmailIsVerified","True","True","","","","policy","SitePolicy.update","specific_roles_plus_admin","developer|manager|logistic|admin","Site booleans update"
"POST","api/timetable/{site}",,"App\Http\Controllers\API_SiteTimetableController@store","web | Illuminate\Auth\Middleware\Authenticate | Illuminate\Auth\Middleware\EnsureEmailIsVerified","True","True","","","","policy","SitePolicy.update","specific_roles_plus_admin","developer|manager|logistic|admin","Site timetable update"
"POST","api/user/resend-verification/{user}","user.resend.verification","App\Http\Controllers\API_UserResetAndResendController@resendVerification","web | Illuminate\Auth\Middleware\Authenticate | Illuminate\Auth\Middleware\EnsureEmailIsVerified","True","True","","","","policy_ability","UserPolicy.manageCredentials","specific_roles_plus_admin","developer|manager|logistic|admin","Resend email verification"
"POST","api/user/send-password-reset/{user}","user.send.password.reset","App\Http\Controllers\API_UserResetAndResendController@sendPasswordResetEmail","web | Illuminate\Auth\Middleware\Authenticate | Illuminate\Auth\Middleware\EnsureEmailIsVerified","True","True","","","","policy_ability","UserPolicy.manageCredentials","specific_roles_plus_admin","developer|manager|logistic|admin","Send password reset"
"PUT","api/warehouse-journey-cargos/{journeyCargo}","warehouse-journey-cargos.update","App\Http\Controllers\API_WarehouseJourneyCargosController@update","web | Illuminate\Auth\Middleware\Authenticate | Illuminate\Auth\Middleware\EnsureEmailIsVerified","True","True","","","","policy_ability","JourneyPolicy.warehouseManage","specific_roles_plus_admin","developer|manager|logistic|warehouse_chief|warehouse_manager|warehouse_worker|admin","Warehouse journey cargo update"
"PUT","api/warehouse-order-items/{orderItem}","warehouse-order-items.update","App\Http\Controllers\API_WarehouseOrderItemsController@update","web | Illuminate\Auth\Middleware\Authenticate | Illuminate\Auth\Middleware\EnsureEmailIsVerified","True","True","","","","policy_ability","OrderPolicy.warehouseManage","specific_roles_plus_admin","developer|manager|logistic|warehouse_chief|warehouse_manager|warehouse_worker|admin","Warehouse order item update"
"POST","api/warehouse-order-items/move-journey-cargo/{orderItem}","warehouse-order-items.move-journey-cargo","App\Http\Controllers\API_WarehouseOrderItemsController@moveJourneyCargo","web | Illuminate\Auth\Middleware\Authenticate | Illuminate\Auth\Middleware\EnsureEmailIsVerified","True","True","","","","policy_ability","OrderPolicy.warehouseManage","specific_roles_plus_admin","developer|manager|logistic|warehouse_chief|warehouse_manager|warehouse_worker|admin","Move item across journey cargos"
"PATCH","api/warehouse-order-items/not-found/{orderItem}","api.warehouse-order-items.flag-not-found","App\Http\Controllers\API_WarehouseOrderItemsController@flagNotFound","web | Illuminate\Auth\Middleware\Authenticate | Illuminate\Auth\Middleware\EnsureEmailIsVerified","True","True","","","","policy_ability","OrderPolicy.warehouseManage","specific_roles_plus_admin","developer|manager|logistic|warehouse_chief|warehouse_manager|warehouse_worker|admin","Flag not found"
"POST","api/warehouse-order-items/save-items","warehouse-order-items.save-items-bulk","App\Http\Controllers\API_WarehouseOrderItemsController@saveItems","web | Illuminate\Auth\Middleware\Authenticate | Illuminate\Auth\Middleware\EnsureEmailIsVerified","True","True","","","","policy_ability","OrderPolicy.warehouseManage","specific_roles_plus_admin","developer|manager|logistic|warehouse_chief|warehouse_manager|warehouse_worker|admin","Bulk warehouse save; validated on order and item orders"
"PUT","api/warehouse-orders/{order}","update","App\Http\Controllers\API_WarehouseOrdersController@update","web | Illuminate\Auth\Middleware\Authenticate | Illuminate\Auth\Middleware\EnsureEmailIsVerified","True","True","","","","policy_ability","OrderPolicy.warehouseManage","specific_roles_plus_admin","developer|manager|logistic|warehouse_chief|warehouse_manager|warehouse_worker|admin","Warehouse order update"
"GET|HEAD","cargo","cargo.index","App\Http\Controllers\CargoController@index","web | Illuminate\Auth\Middleware\Authenticate | Illuminate\Auth\Middleware\EnsureEmailIsVerified | Illuminate\Auth\Middleware\Authorize:accessBackofficeArea | Illuminate\Auth\Middleware\Authorize:viewAny,App\Models\Cargo","True","True","Illuminate\Auth\Middleware\Authorize:accessBackofficeArea","","","route_middleware_authorize","viewAny,App\Models\Cargo","middleware_authorize","","Derived from route middleware Authorize:*"
"POST","cargo","cargo.store","App\Http\Controllers\CargoController@store","web | Illuminate\Auth\Middleware\Authenticate | Illuminate\Auth\Middleware\EnsureEmailIsVerified | Illuminate\Auth\Middleware\Authorize:accessBackofficeArea | Illuminate\Auth\Middleware\Authorize:create,App\Models\Cargo","True","True","Illuminate\Auth\Middleware\Authorize:accessBackofficeArea","","","route_middleware_authorize","create,App\Models\Cargo","middleware_authorize","","Derived from route middleware Authorize:*"
"DELETE","cargo/{cargo}","cargo.destroy","App\Http\Controllers\CargoController@destroy","web | Illuminate\Auth\Middleware\Authenticate | Illuminate\Auth\Middleware\EnsureEmailIsVerified | Illuminate\Auth\Middleware\Authorize:accessBackofficeArea | Illuminate\Auth\Middleware\Authorize:delete,cargo","True","True","Illuminate\Auth\Middleware\Authorize:accessBackofficeArea","","","route_middleware_authorize","delete,cargo","middleware_authorize","","Derived from route middleware Authorize:*"
"GET|HEAD","cargo/{cargo}","cargo.show","App\Http\Controllers\CargoController@show","web | Illuminate\Auth\Middleware\Authenticate | Illuminate\Auth\Middleware\EnsureEmailIsVerified | Illuminate\Auth\Middleware\Authorize:accessBackofficeArea | Illuminate\Auth\Middleware\Authorize:view,cargo","True","True","Illuminate\Auth\Middleware\Authorize:accessBackofficeArea","","","route_middleware_authorize","view,cargo","middleware_authorize","","Derived from route middleware Authorize:*"
"PUT|PATCH","cargo/{cargo}","cargo.update","App\Http\Controllers\CargoController@update","web | Illuminate\Auth\Middleware\Authenticate | Illuminate\Auth\Middleware\EnsureEmailIsVerified | Illuminate\Auth\Middleware\Authorize:accessBackofficeArea | Illuminate\Auth\Middleware\Authorize:update,cargo","True","True","Illuminate\Auth\Middleware\Authorize:accessBackofficeArea","","","route_middleware_authorize","update,cargo","middleware_authorize","","Derived from route middleware Authorize:*"
"GET|HEAD","cargo/{cargo}/edit","cargo.edit","App\Http\Controllers\CargoController@edit","web | Illuminate\Auth\Middleware\Authenticate | Illuminate\Auth\Middleware\EnsureEmailIsVerified | Illuminate\Auth\Middleware\Authorize:accessBackofficeArea | Illuminate\Auth\Middleware\Authorize:update,cargo","True","True","Illuminate\Auth\Middleware\Authorize:accessBackofficeArea","","","route_middleware_authorize","update,cargo","middleware_authorize","","Derived from route middleware Authorize:*"
"GET|HEAD","cargo/create","cargo.create","App\Http\Controllers\CargoController@create","web | Illuminate\Auth\Middleware\Authenticate | Illuminate\Auth\Middleware\EnsureEmailIsVerified | Illuminate\Auth\Middleware\Authorize:accessBackofficeArea | Illuminate\Auth\Middleware\Authorize:create,App\Models\Cargo","True","True","Illuminate\Auth\Middleware\Authorize:accessBackofficeArea","","","route_middleware_authorize","create,App\Models\Cargo","middleware_authorize","","Derived from route middleware Authorize:*"
"GET|HEAD","catalog-items","catalog-items.index","App\Http\Controllers\CatalogItemController@index","web | Illuminate\Auth\Middleware\Authenticate | Illuminate\Auth\Middleware\EnsureEmailIsVerified | Illuminate\Auth\Middleware\Authorize:accessWarehouseArea","True","True","Illuminate\Auth\Middleware\Authorize:accessWarehouseArea","CatalogItem","viewAny","policy_inferred","CatalogItemPolicy.viewAny","specific_roles_plus_admin","developer|manager|logistic|warehouse_chief|warehouse_manager|warehouse_worker|admin","Inferred from controller action App\Http\Controllers\CatalogItemController@index"
"POST","catalog-items","catalog-items.store","App\Http\Controllers\CatalogItemController@store","web | Illuminate\Auth\Middleware\Authenticate | Illuminate\Auth\Middleware\EnsureEmailIsVerified | Illuminate\Auth\Middleware\Authorize:accessWarehouseArea","True","True","Illuminate\Auth\Middleware\Authorize:accessWarehouseArea","CatalogItem","create","policy_inferred","CatalogItemPolicy.create","control_roles_plus_admin","developer|manager|logistic|admin","Inferred from controller action App\Http\Controllers\CatalogItemController@store"
"DELETE","catalog-items/{catalog_item}","catalog-items.destroy","App\Http\Controllers\CatalogItemController@destroy","web | Illuminate\Auth\Middleware\Authenticate | Illuminate\Auth\Middleware\EnsureEmailIsVerified | Illuminate\Auth\Middleware\Authorize:accessWarehouseArea","True","True","Illuminate\Auth\Middleware\Authorize:accessWarehouseArea","CatalogItem","delete","policy_inferred","CatalogItemPolicy.delete","control_roles_plus_admin","developer|manager|logistic|admin","Inferred from controller action App\Http\Controllers\CatalogItemController@destroy"
"GET|HEAD","catalog-items/{catalog_item}","catalog-items.show","App\Http\Controllers\CatalogItemController@show","web | Illuminate\Auth\Middleware\Authenticate | Illuminate\Auth\Middleware\EnsureEmailIsVerified | Illuminate\Auth\Middleware\Authorize:accessWarehouseArea","True","True","Illuminate\Auth\Middleware\Authorize:accessWarehouseArea","CatalogItem","view","policy_inferred","CatalogItemPolicy.view","specific_roles_plus_admin","developer|manager|logistic|warehouse_chief|warehouse_manager|warehouse_worker|admin","Inferred from controller action App\Http\Controllers\CatalogItemController@show"
"PUT|PATCH","catalog-items/{catalog_item}","catalog-items.update","App\Http\Controllers\CatalogItemController@update","web | Illuminate\Auth\Middleware\Authenticate | Illuminate\Auth\Middleware\EnsureEmailIsVerified | Illuminate\Auth\Middleware\Authorize:accessWarehouseArea","True","True","Illuminate\Auth\Middleware\Authorize:accessWarehouseArea","CatalogItem","update","policy_inferred","CatalogItemPolicy.update","control_roles_plus_admin","developer|manager|logistic|admin","Inferred from controller action App\Http\Controllers\CatalogItemController@update"
"GET|HEAD","catalog-items/{catalog_item}/edit","catalog-items.edit","App\Http\Controllers\CatalogItemController@edit","web | Illuminate\Auth\Middleware\Authenticate | Illuminate\Auth\Middleware\EnsureEmailIsVerified | Illuminate\Auth\Middleware\Authorize:accessWarehouseArea","True","True","Illuminate\Auth\Middleware\Authorize:accessWarehouseArea","CatalogItem","view","policy_inferred","CatalogItemPolicy.view","specific_roles_plus_admin","developer|manager|logistic|warehouse_chief|warehouse_manager|warehouse_worker|admin","Inferred from controller action App\Http\Controllers\CatalogItemController@edit"
"GET|HEAD","catalog-items/{item}/recipe","catalog-items.recipe.edit","App\Http\Controllers\CatalogItemRecipeController@editOrCreate","web | Illuminate\Auth\Middleware\Authenticate | Illuminate\Auth\Middleware\EnsureEmailIsVerified | Illuminate\Auth\Middleware\Authorize:accessWarehouseArea","True","True","Illuminate\Auth\Middleware\Authorize:accessWarehouseArea","","","gate","accessWarehouseArea","specific_roles_plus_admin","developer|manager|logistic|warehouse_chief|warehouse_manager|warehouse_worker|admin","Area gate for warehouse resources"
"GET|HEAD","catalog-items/create","catalog-items.create","App\Http\Controllers\CatalogItemController@create","web | Illuminate\Auth\Middleware\Authenticate | Illuminate\Auth\Middleware\EnsureEmailIsVerified | Illuminate\Auth\Middleware\Authorize:accessWarehouseArea","True","True","Illuminate\Auth\Middleware\Authorize:accessWarehouseArea","CatalogItem","create","policy_inferred","CatalogItemPolicy.create","control_roles_plus_admin","developer|manager|logistic|admin","Inferred from controller action App\Http\Controllers\CatalogItemController@create"
"GET|HEAD","customer","customer.index","App\Http\Controllers\CustomerController@index","web | Illuminate\Auth\Middleware\Authenticate | Illuminate\Auth\Middleware\EnsureEmailIsVerified | Illuminate\Auth\Middleware\Authorize:accessBackofficeArea | Illuminate\Auth\Middleware\Authorize:viewAny,App\Models\Customer","True","True","Illuminate\Auth\Middleware\Authorize:accessBackofficeArea","","","route_middleware_authorize","viewAny,App\Models\Customer","middleware_authorize","","Derived from route middleware Authorize:*"
"POST","customer","customer.store","App\Http\Controllers\CustomerController@store","web | Illuminate\Auth\Middleware\Authenticate | Illuminate\Auth\Middleware\EnsureEmailIsVerified | Illuminate\Auth\Middleware\Authorize:accessBackofficeArea | Illuminate\Auth\Middleware\Authorize:create,App\Models\Customer","True","True","Illuminate\Auth\Middleware\Authorize:accessBackofficeArea","","","route_middleware_authorize","create,App\Models\Customer","middleware_authorize","","Derived from route middleware Authorize:*"
"DELETE","customer/{customer}","customer.destroy","App\Http\Controllers\CustomerController@destroy","web | Illuminate\Auth\Middleware\Authenticate | Illuminate\Auth\Middleware\EnsureEmailIsVerified | Illuminate\Auth\Middleware\Authorize:accessBackofficeArea | Illuminate\Auth\Middleware\Authorize:delete,customer","True","True","Illuminate\Auth\Middleware\Authorize:accessBackofficeArea","","","route_middleware_authorize","delete,customer","middleware_authorize","","Derived from route middleware Authorize:*"
"GET|HEAD","customer/{customer}","customer.show","App\Http\Controllers\CustomerController@show","web | Illuminate\Auth\Middleware\Authenticate | Illuminate\Auth\Middleware\EnsureEmailIsVerified | Illuminate\Auth\Middleware\Authorize:accessBackofficeArea | Illuminate\Auth\Middleware\Authorize:view,customer","True","True","Illuminate\Auth\Middleware\Authorize:accessBackofficeArea","","","route_middleware_authorize","view,customer","middleware_authorize","","Derived from route middleware Authorize:*"
"PUT|PATCH","customer/{customer}","customer.update","App\Http\Controllers\CustomerController@update","web | Illuminate\Auth\Middleware\Authenticate | Illuminate\Auth\Middleware\EnsureEmailIsVerified | Illuminate\Auth\Middleware\Authorize:accessBackofficeArea | Illuminate\Auth\Middleware\Authorize:update,customer","True","True","Illuminate\Auth\Middleware\Authorize:accessBackofficeArea","","","route_middleware_authorize","update,customer","middleware_authorize","","Derived from route middleware Authorize:*"
"GET|HEAD","customer/{customer}/edit","customer.edit","App\Http\Controllers\CustomerController@edit","web | Illuminate\Auth\Middleware\Authenticate | Illuminate\Auth\Middleware\EnsureEmailIsVerified | Illuminate\Auth\Middleware\Authorize:accessBackofficeArea | Illuminate\Auth\Middleware\Authorize:update,customer","True","True","Illuminate\Auth\Middleware\Authorize:accessBackofficeArea","","","route_middleware_authorize","update,customer","middleware_authorize","","Derived from route middleware Authorize:*"
"PUT","customer/{customer}/restore","customer.restore","App\Http\Controllers\CustomerController@restore","web | Illuminate\Auth\Middleware\Authenticate | Illuminate\Auth\Middleware\EnsureEmailIsVerified | Illuminate\Auth\Middleware\Authorize:accessBackofficeArea","True","True","Illuminate\Auth\Middleware\Authorize:accessBackofficeArea","Customer","delete","policy_inferred","CustomerPolicy.delete","specific_roles_plus_admin","developer|manager|logistic|admin","Inferred from controller action App\Http\Controllers\CustomerController@restore"
"GET|HEAD","customer/create","customer.create","App\Http\Controllers\CustomerController@create","web | Illuminate\Auth\Middleware\Authenticate | Illuminate\Auth\Middleware\EnsureEmailIsVerified | Illuminate\Auth\Middleware\Authorize:accessBackofficeArea | Illuminate\Auth\Middleware\Authorize:create,App\Models\Customer","True","True","Illuminate\Auth\Middleware\Authorize:accessBackofficeArea","","","route_middleware_authorize","create,App\Models\Customer","middleware_authorize","","Derived from route middleware Authorize:*"
"GET|HEAD","dashboard-logistic","logistic.home","App\Http\Controllers\DashboardController@logisticHome","web | Illuminate\Auth\Middleware\Authenticate | Illuminate\Auth\Middleware\EnsureEmailIsVerified | Illuminate\Auth\Middleware\Authorize:accessBackofficeArea","True","True","Illuminate\Auth\Middleware\Authorize:accessBackofficeArea","","","gate","accessBackofficeArea","specific_roles_plus_admin","developer|manager|logistic|admin","Area gate for backoffice/logistic resources"
"GET|HEAD","dashboard-logistic/full","dashboard.logistic.full","App\Http\Controllers\DashboardController@index","web | Illuminate\Auth\Middleware\Authenticate | Illuminate\Auth\Middleware\EnsureEmailIsVerified | Illuminate\Auth\Middleware\Authorize:accessBackofficeArea","True","True","Illuminate\Auth\Middleware\Authorize:accessBackofficeArea","","","gate","accessBackofficeArea","specific_roles_plus_admin","developer|manager|logistic|admin","Area gate for backoffice/logistic resources"
"GET|HEAD","dashboard-logistic/operations","dashboard.logistic.operations","App\Http\Controllers\DashboardController@logisticOperations","web | Illuminate\Auth\Middleware\Authenticate | Illuminate\Auth\Middleware\EnsureEmailIsVerified | Illuminate\Auth\Middleware\Authorize:accessBackofficeArea","True","True","Illuminate\Auth\Middleware\Authorize:accessBackofficeArea","","","gate","accessBackofficeArea","specific_roles_plus_admin","developer|manager|logistic|admin","Area gate for backoffice/logistic resources"
"GET|HEAD","driver/journey","driver.journey.index","App\Http\Controllers\DriverJourneyController@index","web | Illuminate\Auth\Middleware\Authenticate | Illuminate\Auth\Middleware\EnsureEmailIsVerified | Illuminate\Auth\Middleware\Authorize:accessDriverArea","True","True","Illuminate\Auth\Middleware\Authorize:accessDriverArea","Journey","viewAny","policy_inferred","JourneyPolicy.viewAny","specific_roles_or_ownership_or_admin","developer|manager|logistic|warehouse_chief|warehouse_manager|warehouse_worker|assigned_driver|admin","Inferred from controller action App\Http\Controllers\DriverJourneyController@index"
"POST","driver/journey","driver.journey.store","App\Http\Controllers\DriverJourneyController@store","web | Illuminate\Auth\Middleware\Authenticate | Illuminate\Auth\Middleware\EnsureEmailIsVerified | Illuminate\Auth\Middleware\Authorize:accessDriverArea","True","True","Illuminate\Auth\Middleware\Authorize:accessDriverArea","Journey","create","policy_inferred","JourneyPolicy.create","mixed","developer|manager|logistic|admin","Inferred from controller action App\Http\Controllers\DriverJourneyController@store"
"DELETE","driver/journey/{journey}","driver.journey.destroy","App\Http\Controllers\DriverJourneyController@destroy","web | Illuminate\Auth\Middleware\Authenticate | Illuminate\Auth\Middleware\EnsureEmailIsVerified | Illuminate\Auth\Middleware\Authorize:accessDriverArea","True","True","Illuminate\Auth\Middleware\Authorize:accessDriverArea","Journey","delete","policy_inferred","JourneyPolicy.delete","mixed","developer|manager|logistic|admin","Inferred from controller action App\Http\Controllers\DriverJourneyController@destroy"
"GET|HEAD","driver/journey/{journey}","driver.journey.show","App\Http\Controllers\DriverJourneyController@show","web | Illuminate\Auth\Middleware\Authenticate | Illuminate\Auth\Middleware\EnsureEmailIsVerified | Illuminate\Auth\Middleware\Authorize:accessDriverArea","True","True","Illuminate\Auth\Middleware\Authorize:accessDriverArea","Journey","view","policy_inferred","JourneyPolicy.view","specific_roles_or_ownership_or_admin","developer|manager|logistic|warehouse_chief|warehouse_manager|warehouse_worker|assigned_driver|admin","Inferred from controller action App\Http\Controllers\DriverJourneyController@show"
"PUT|PATCH","driver/journey/{journey}","driver.journey.update","App\Http\Controllers\DriverJourneyController@update","web | Illuminate\Auth\Middleware\Authenticate | Illuminate\Auth\Middleware\EnsureEmailIsVerified | Illuminate\Auth\Middleware\Authorize:accessDriverArea","True","True","Illuminate\Auth\Middleware\Authorize:accessDriverArea","Journey","update","policy_inferred","JourneyPolicy.update","mixed","developer|manager|logistic|assigned_driver|admin","Inferred from controller action App\Http\Controllers\DriverJourneyController@update"
"GET|HEAD","driver/journey/{journey}/edit","driver.journey.edit","App\Http\Controllers\DriverJourneyController@edit","web | Illuminate\Auth\Middleware\Authenticate | Illuminate\Auth\Middleware\EnsureEmailIsVerified | Illuminate\Auth\Middleware\Authorize:accessDriverArea","True","True","Illuminate\Auth\Middleware\Authorize:accessDriverArea","Journey","view","policy_inferred","JourneyPolicy.view","specific_roles_or_ownership_or_admin","developer|manager|logistic|warehouse_chief|warehouse_manager|warehouse_worker|assigned_driver|admin","Inferred from controller action App\Http\Controllers\DriverJourneyController@edit"
"GET|HEAD","driver/journey/create","driver.journey.create","App\Http\Controllers\DriverJourneyController@create","web | Illuminate\Auth\Middleware\Authenticate | Illuminate\Auth\Middleware\EnsureEmailIsVerified | Illuminate\Auth\Middleware\Authorize:accessDriverArea","True","True","Illuminate\Auth\Middleware\Authorize:accessDriverArea","Journey","create","policy_inferred","JourneyPolicy.create","mixed","developer|manager|logistic|admin","Inferred from controller action App\Http\Controllers\DriverJourneyController@create"
"GET|HEAD","driver/order","driver.order.index","App\Http\Controllers\DriverOrderController@index","web | Illuminate\Auth\Middleware\Authenticate | Illuminate\Auth\Middleware\EnsureEmailIsVerified | Illuminate\Auth\Middleware\Authorize:accessDriverArea","True","True","Illuminate\Auth\Middleware\Authorize:accessDriverArea","Order","viewAny","policy_inferred","OrderPolicy.viewAny","specific_roles_or_ownership_or_admin","developer|manager|logistic|warehouse_chief|warehouse_manager|warehouse_worker|assigned_driver|admin","Inferred from controller action App\Http\Controllers\DriverOrderController@index"
"POST","driver/order","driver.order.store","App\Http\Controllers\DriverOrderController@store","web | Illuminate\Auth\Middleware\Authenticate | Illuminate\Auth\Middleware\EnsureEmailIsVerified | Illuminate\Auth\Middleware\Authorize:accessDriverArea","True","True","Illuminate\Auth\Middleware\Authorize:accessDriverArea","Order","create","policy_inferred","OrderPolicy.create","mixed","developer|manager|logistic|driver|admin","Inferred from controller action App\Http\Controllers\DriverOrderController@store"
"DELETE","driver/order/{order}","driver.order.destroy","App\Http\Controllers\DriverOrderController@destroy","web | Illuminate\Auth\Middleware\Authenticate | Illuminate\Auth\Middleware\EnsureEmailIsVerified | Illuminate\Auth\Middleware\Authorize:accessDriverArea","True","True","Illuminate\Auth\Middleware\Authorize:accessDriverArea","Order","delete","policy_inferred","OrderPolicy.delete","mixed","developer|manager|logistic|admin","Inferred from controller action App\Http\Controllers\DriverOrderController@destroy"
"GET|HEAD","driver/order/{order}","driver.order.show","App\Http\Controllers\DriverOrderController@show","web | Illuminate\Auth\Middleware\Authenticate | Illuminate\Auth\Middleware\EnsureEmailIsVerified | Illuminate\Auth\Middleware\Authorize:accessDriverArea","True","True","Illuminate\Auth\Middleware\Authorize:accessDriverArea","Order","view","policy_inferred","OrderPolicy.view","specific_roles_or_ownership_or_admin","developer|manager|logistic|warehouse_chief|warehouse_manager|warehouse_worker|assigned_driver|admin","Inferred from controller action App\Http\Controllers\DriverOrderController@show"
"PUT|PATCH","driver/order/{order}","driver.order.update","App\Http\Controllers\DriverOrderController@update","web | Illuminate\Auth\Middleware\Authenticate | Illuminate\Auth\Middleware\EnsureEmailIsVerified | Illuminate\Auth\Middleware\Authorize:accessDriverArea","True","True","Illuminate\Auth\Middleware\Authorize:accessDriverArea","Order","update","policy_inferred","OrderPolicy.update","mixed","developer|manager|logistic|assigned_driver|admin","Inferred from controller action App\Http\Controllers\DriverOrderController@update"
"GET|HEAD","driver/order/{order}/edit","driver.order.edit","App\Http\Controllers\DriverOrderController@edit","web | Illuminate\Auth\Middleware\Authenticate | Illuminate\Auth\Middleware\EnsureEmailIsVerified | Illuminate\Auth\Middleware\Authorize:accessDriverArea","True","True","Illuminate\Auth\Middleware\Authorize:accessDriverArea","Order","view","policy_inferred","OrderPolicy.view","specific_roles_or_ownership_or_admin","developer|manager|logistic|warehouse_chief|warehouse_manager|warehouse_worker|assigned_driver|admin","Inferred from controller action App\Http\Controllers\DriverOrderController@edit"
"GET|HEAD","driver/order/create","driver.order.create","App\Http\Controllers\DriverOrderController@create","web | Illuminate\Auth\Middleware\Authenticate | Illuminate\Auth\Middleware\EnsureEmailIsVerified | Illuminate\Auth\Middleware\Authorize:accessDriverArea","True","True","Illuminate\Auth\Middleware\Authorize:accessDriverArea","Order","create","policy_inferred","OrderPolicy.create","mixed","developer|manager|logistic|driver|admin","Inferred from controller action App\Http\Controllers\DriverOrderController@create"
"GET|HEAD","holder","holder.index","App\Http\Controllers\HolderController@index","web | Illuminate\Auth\Middleware\Authenticate | Illuminate\Auth\Middleware\EnsureEmailIsVerified | Illuminate\Auth\Middleware\Authorize:viewAny,App\Models\Holder","True","True","","","","route_middleware_authorize","viewAny,App\Models\Holder","middleware_authorize","","Derived from route middleware Authorize:*"
"POST","holder","holder.store","App\Http\Controllers\HolderController@store","web | Illuminate\Auth\Middleware\Authenticate | Illuminate\Auth\Middleware\EnsureEmailIsVerified | Illuminate\Auth\Middleware\Authorize:create,App\Models\Holder","True","True","","","","route_middleware_authorize","create,App\Models\Holder","middleware_authorize","","Derived from route middleware Authorize:*"
"DELETE","holder/{holder}","holder.destroy","App\Http\Controllers\HolderController@destroy","web | Illuminate\Auth\Middleware\Authenticate | Illuminate\Auth\Middleware\EnsureEmailIsVerified | Illuminate\Auth\Middleware\Authorize:delete,holder","True","True","","","","route_middleware_authorize","delete,holder","middleware_authorize","","Derived from route middleware Authorize:*"
"GET|HEAD","holder/{holder}","holder.show","App\Http\Controllers\HolderController@show","web | Illuminate\Auth\Middleware\Authenticate | Illuminate\Auth\Middleware\EnsureEmailIsVerified | Illuminate\Auth\Middleware\Authorize:view,holder","True","True","","","","route_middleware_authorize","view,holder","middleware_authorize","","Derived from route middleware Authorize:*"
"PUT|PATCH","holder/{holder}","holder.update","App\Http\Controllers\HolderController@update","web | Illuminate\Auth\Middleware\Authenticate | Illuminate\Auth\Middleware\EnsureEmailIsVerified | Illuminate\Auth\Middleware\Authorize:update,holder","True","True","","","","route_middleware_authorize","update,holder","middleware_authorize","","Derived from route middleware Authorize:*"
"GET|HEAD","holder/{holder}/edit","holder.edit","App\Http\Controllers\HolderController@edit","web | Illuminate\Auth\Middleware\Authenticate | Illuminate\Auth\Middleware\EnsureEmailIsVerified | Illuminate\Auth\Middleware\Authorize:update,holder","True","True","","","","route_middleware_authorize","update,holder","middleware_authorize","","Derived from route middleware Authorize:*"
"GET|HEAD","holder/create","holder.create","App\Http\Controllers\HolderController@create","web | Illuminate\Auth\Middleware\Authenticate | Illuminate\Auth\Middleware\EnsureEmailIsVerified | Illuminate\Auth\Middleware\Authorize:create,App\Models\Holder","True","True","","","","route_middleware_authorize","create,App\Models\Holder","middleware_authorize","","Derived from route middleware Authorize:*"
"GET|HEAD","journey","journey.index","App\Http\Controllers\JourneyController@index","web | Illuminate\Auth\Middleware\Authenticate | Illuminate\Auth\Middleware\EnsureEmailIsVerified | Illuminate\Auth\Middleware\Authorize:accessBackofficeArea","True","True","Illuminate\Auth\Middleware\Authorize:accessBackofficeArea","Journey","viewAny","policy_inferred","JourneyPolicy.viewAny","specific_roles_or_ownership_or_admin","developer|manager|logistic|warehouse_chief|warehouse_manager|warehouse_worker|assigned_driver|admin","Inferred from controller action App\Http\Controllers\JourneyController@index"
"POST","journey","journey.store","App\Http\Controllers\JourneyController@store","web | Illuminate\Auth\Middleware\Authenticate | Illuminate\Auth\Middleware\EnsureEmailIsVerified | Illuminate\Auth\Middleware\Authorize:accessBackofficeArea","True","True","Illuminate\Auth\Middleware\Authorize:accessBackofficeArea","Journey","create","policy_inferred","JourneyPolicy.create","mixed","developer|manager|logistic|admin","Inferred from controller action App\Http\Controllers\JourneyController@store"
"DELETE","journey/{journey}","journey.destroy","App\Http\Controllers\JourneyController@destroy","web | Illuminate\Auth\Middleware\Authenticate | Illuminate\Auth\Middleware\EnsureEmailIsVerified | Illuminate\Auth\Middleware\Authorize:accessBackofficeArea","True","True","Illuminate\Auth\Middleware\Authorize:accessBackofficeArea","Journey","delete","policy_inferred","JourneyPolicy.delete","mixed","developer|manager|logistic|admin","Inferred from controller action App\Http\Controllers\JourneyController@destroy"
"GET|HEAD","journey/{journey}","journey.show","App\Http\Controllers\JourneyController@show","web | Illuminate\Auth\Middleware\Authenticate | Illuminate\Auth\Middleware\EnsureEmailIsVerified | Illuminate\Auth\Middleware\Authorize:accessBackofficeArea","True","True","Illuminate\Auth\Middleware\Authorize:accessBackofficeArea","Journey","view","policy_inferred","JourneyPolicy.view","specific_roles_or_ownership_or_admin","developer|manager|logistic|warehouse_chief|warehouse_manager|warehouse_worker|assigned_driver|admin","Inferred from controller action App\Http\Controllers\JourneyController@show"
"PUT|PATCH","journey/{journey}","journey.update","App\Http\Controllers\JourneyController@update","web | Illuminate\Auth\Middleware\Authenticate | Illuminate\Auth\Middleware\EnsureEmailIsVerified | Illuminate\Auth\Middleware\Authorize:accessBackofficeArea","True","True","Illuminate\Auth\Middleware\Authorize:accessBackofficeArea","Journey","update","policy_inferred","JourneyPolicy.update","mixed","developer|manager|logistic|assigned_driver|admin","Inferred from controller action App\Http\Controllers\JourneyController@update"
"GET|HEAD","journey/{journey}/edit","journey.edit","App\Http\Controllers\JourneyController@edit","web | Illuminate\Auth\Middleware\Authenticate | Illuminate\Auth\Middleware\EnsureEmailIsVerified | Illuminate\Auth\Middleware\Authorize:accessBackofficeArea","True","True","Illuminate\Auth\Middleware\Authorize:accessBackofficeArea","Journey","view","policy_inferred","JourneyPolicy.view","specific_roles_or_ownership_or_admin","developer|manager|logistic|warehouse_chief|warehouse_manager|warehouse_worker|assigned_driver|admin","Inferred from controller action App\Http\Controllers\JourneyController@edit"
"GET|HEAD","journey/create","journey.create","App\Http\Controllers\JourneyController@create","web | Illuminate\Auth\Middleware\Authenticate | Illuminate\Auth\Middleware\EnsureEmailIsVerified | Illuminate\Auth\Middleware\Authorize:accessBackofficeArea","True","True","Illuminate\Auth\Middleware\Authorize:accessBackofficeArea","Journey","create","policy_inferred","JourneyPolicy.create","mixed","developer|manager|logistic|admin","Inferred from controller action App\Http\Controllers\JourneyController@create"
"GET|HEAD","journeyCargo","journeyCargo.index","App\Http\Controllers\JourneyCargoController@index","web | Illuminate\Auth\Middleware\Authenticate | Illuminate\Auth\Middleware\EnsureEmailIsVerified | Illuminate\Auth\Middleware\Authorize:accessWarehouseArea","True","True","Illuminate\Auth\Middleware\Authorize:accessWarehouseArea","","","gate","accessWarehouseArea","specific_roles_plus_admin","developer|manager|logistic|warehouse_chief|warehouse_manager|warehouse_worker|admin","Area gate for warehouse resources"
"POST","journeyCargo","journeyCargo.store","App\Http\Controllers\JourneyCargoController@store","web | Illuminate\Auth\Middleware\Authenticate | Illuminate\Auth\Middleware\EnsureEmailIsVerified | Illuminate\Auth\Middleware\Authorize:accessWarehouseArea","True","True","Illuminate\Auth\Middleware\Authorize:accessWarehouseArea","","","gate","accessWarehouseArea","specific_roles_plus_admin","developer|manager|logistic|warehouse_chief|warehouse_manager|warehouse_worker|admin","Area gate for warehouse resources"
"GET|HEAD","journeyCargo/{journey}/create","journeyCargo.create","App\Http\Controllers\JourneyCargoController@create","web | Illuminate\Auth\Middleware\Authenticate | Illuminate\Auth\Middleware\EnsureEmailIsVerified | Illuminate\Auth\Middleware\Authorize:accessWarehouseArea","True","True","Illuminate\Auth\Middleware\Authorize:accessWarehouseArea","","","gate","accessWarehouseArea","specific_roles_plus_admin","developer|manager|logistic|warehouse_chief|warehouse_manager|warehouse_worker|admin","Area gate for warehouse resources"
"GET|HEAD","journeyCargo/{journey}/edit","journeyCargo.edit","App\Http\Controllers\JourneyCargoController@edit","web | Illuminate\Auth\Middleware\Authenticate | Illuminate\Auth\Middleware\EnsureEmailIsVerified | Illuminate\Auth\Middleware\Authorize:accessWarehouseArea","True","True","Illuminate\Auth\Middleware\Authorize:accessWarehouseArea","","","gate","accessWarehouseArea","specific_roles_plus_admin","developer|manager|logistic|warehouse_chief|warehouse_manager|warehouse_worker|admin","Area gate for warehouse resources"
"DELETE","journeyCargo/{journeyCargo}","journeyCargo.destroy","App\Http\Controllers\JourneyCargoController@destroy","web | Illuminate\Auth\Middleware\Authenticate | Illuminate\Auth\Middleware\EnsureEmailIsVerified | Illuminate\Auth\Middleware\Authorize:accessWarehouseArea","True","True","Illuminate\Auth\Middleware\Authorize:accessWarehouseArea","","","gate","accessWarehouseArea","specific_roles_plus_admin","developer|manager|logistic|warehouse_chief|warehouse_manager|warehouse_worker|admin","Area gate for warehouse resources"
"GET|HEAD","journeyCargo/{journeyCargo}","journeyCargo.show","App\Http\Controllers\JourneyCargoController@show","web | Illuminate\Auth\Middleware\Authenticate | Illuminate\Auth\Middleware\EnsureEmailIsVerified | Illuminate\Auth\Middleware\Authorize:accessWarehouseArea","True","True","Illuminate\Auth\Middleware\Authorize:accessWarehouseArea","","","gate","accessWarehouseArea","specific_roles_plus_admin","developer|manager|logistic|warehouse_chief|warehouse_manager|warehouse_worker|admin","Area gate for warehouse resources"
"PUT|PATCH","journeyCargo/{journeyCargo}","journeyCargo.update","App\Http\Controllers\JourneyCargoController@update","web | Illuminate\Auth\Middleware\Authenticate | Illuminate\Auth\Middleware\EnsureEmailIsVerified | Illuminate\Auth\Middleware\Authorize:accessWarehouseArea","True","True","Illuminate\Auth\Middleware\Authorize:accessWarehouseArea","","","gate","accessWarehouseArea","specific_roles_plus_admin","developer|manager|logistic|warehouse_chief|warehouse_manager|warehouse_worker|admin","Area gate for warehouse resources"
"GET|HEAD","journeyCargo/{journeyCargo}/manage","journeyCargo.manage","App\Http\Controllers\JourneyCargoController@manage","web | Illuminate\Auth\Middleware\Authenticate | Illuminate\Auth\Middleware\EnsureEmailIsVerified | Illuminate\Auth\Middleware\Authorize:accessWarehouseArea","True","True","Illuminate\Auth\Middleware\Authorize:accessWarehouseArea","","","gate","accessWarehouseArea","specific_roles_plus_admin","developer|manager|logistic|warehouse_chief|warehouse_manager|warehouse_worker|admin","Area gate for warehouse resources"
"GET|HEAD","login","login","App\Http\Controllers\AuthController@create","web","False","False","","","","public_endpoint","login_form","public","guest_or_authenticated","Session login form"
"POST","login","login.store","App\Http\Controllers\AuthController@store","web","False","False","","","","public_endpoint","login_attempt","public","guest_or_authenticated","Credentials validated inside controller; blocked if can_login is false"
"GET|HEAD","logistic/dispatch","logistic-dispatch.index","App\Http\Controllers\LogisticDispatchController@index","web | Illuminate\Auth\Middleware\Authenticate | Illuminate\Auth\Middleware\EnsureEmailIsVerified | Illuminate\Auth\Middleware\Authorize:accessBackofficeArea","True","True","Illuminate\Auth\Middleware\Authorize:accessBackofficeArea","","","gate","accessBackofficeArea","specific_roles_plus_admin","developer|manager|logistic|admin","Area gate for backoffice/logistic resources"
"GET|HEAD","logistic/dispatch/{journey}","logistic-dispatch.show","App\Http\Controllers\LogisticDispatchController@show","web | Illuminate\Auth\Middleware\Authenticate | Illuminate\Auth\Middleware\EnsureEmailIsVerified | Illuminate\Auth\Middleware\Authorize:accessBackofficeArea","True","True","Illuminate\Auth\Middleware\Authorize:accessBackofficeArea","","","gate","accessBackofficeArea","specific_roles_plus_admin","developer|manager|logistic|admin","Area gate for backoffice/logistic resources"
"DELETE","logout","logout","App\Http\Controllers\AuthController@destroy","web","False","False","","","","public_endpoint","logout_endpoint","public","guest_or_authenticated","Logout is callable without middleware; safe no-op for guests"
"GET|HEAD","map/site","map.site.index","App\Http\Controllers\MapController@index","web | Illuminate\Auth\Middleware\Authenticate | Illuminate\Auth\Middleware\EnsureEmailIsVerified | Illuminate\Auth\Middleware\Authorize:accessBackofficeArea","True","True","Illuminate\Auth\Middleware\Authorize:accessBackofficeArea","","","gate","accessBackofficeArea","specific_roles_plus_admin","developer|manager|logistic|admin","Area gate for backoffice/logistic resources"
"GET|HEAD","notification","notification.index","App\Http\Controllers\NotificationController@index","web | Illuminate\Auth\Middleware\Authenticate","True","False","","","","controller_scope","request_user_notifications","ownership","authenticated_user_own_notifications","Notifications are loaded through request()->user()->notifications()"
"PUT","notification/{notification}/seen","notification.seen","App\Http\Controllers\NotificationSeenController","web | Illuminate\Auth\Middleware\Authenticate","True","False","","","","policy","NotificationPolicy.update","ownership","notification_owner_only","DatabaseNotification update policy"
"GET|HEAD","order","order.index","App\Http\Controllers\OrderController@index","web | Illuminate\Auth\Middleware\Authenticate | Illuminate\Auth\Middleware\EnsureEmailIsVerified | Illuminate\Auth\Middleware\Authorize:accessBackofficeArea","True","True","Illuminate\Auth\Middleware\Authorize:accessBackofficeArea","Order","viewAny","policy_inferred","OrderPolicy.viewAny","specific_roles_or_ownership_or_admin","developer|manager|logistic|warehouse_chief|warehouse_manager|warehouse_worker|assigned_driver|admin","Inferred from controller action App\Http\Controllers\OrderController@index"
"POST","order","order.store","App\Http\Controllers\OrderController@store","web | Illuminate\Auth\Middleware\Authenticate | Illuminate\Auth\Middleware\EnsureEmailIsVerified | Illuminate\Auth\Middleware\Authorize:accessBackofficeArea","True","True","Illuminate\Auth\Middleware\Authorize:accessBackofficeArea","Order","create","policy_inferred","OrderPolicy.create","mixed","developer|manager|logistic|driver|admin","Inferred from controller action App\Http\Controllers\OrderController@store"
"DELETE","order/{order}","order.destroy","App\Http\Controllers\OrderController@destroy","web | Illuminate\Auth\Middleware\Authenticate | Illuminate\Auth\Middleware\EnsureEmailIsVerified | Illuminate\Auth\Middleware\Authorize:accessBackofficeArea","True","True","Illuminate\Auth\Middleware\Authorize:accessBackofficeArea","Order","delete","policy_inferred","OrderPolicy.delete","mixed","developer|manager|logistic|admin","Inferred from controller action App\Http\Controllers\OrderController@destroy"
"GET|HEAD","order/{order}","order.show","App\Http\Controllers\OrderController@show","web | Illuminate\Auth\Middleware\Authenticate | Illuminate\Auth\Middleware\EnsureEmailIsVerified | Illuminate\Auth\Middleware\Authorize:accessBackofficeArea","True","True","Illuminate\Auth\Middleware\Authorize:accessBackofficeArea","Order","view","policy_inferred","OrderPolicy.view","specific_roles_or_ownership_or_admin","developer|manager|logistic|warehouse_chief|warehouse_manager|warehouse_worker|assigned_driver|admin","Inferred from controller action App\Http\Controllers\OrderController@show"
"PUT|PATCH","order/{order}","order.update","App\Http\Controllers\OrderController@update","web | Illuminate\Auth\Middleware\Authenticate | Illuminate\Auth\Middleware\EnsureEmailIsVerified | Illuminate\Auth\Middleware\Authorize:accessBackofficeArea","True","True","Illuminate\Auth\Middleware\Authorize:accessBackofficeArea","Order","update","policy_inferred","OrderPolicy.update","mixed","developer|manager|logistic|assigned_driver|admin","Inferred from controller action App\Http\Controllers\OrderController@update"
"GET|HEAD","order/{order}/edit","order.edit","App\Http\Controllers\OrderController@edit","web | Illuminate\Auth\Middleware\Authenticate | Illuminate\Auth\Middleware\EnsureEmailIsVerified | Illuminate\Auth\Middleware\Authorize:accessBackofficeArea","True","True","Illuminate\Auth\Middleware\Authorize:accessBackofficeArea","Order","view","policy_inferred","OrderPolicy.view","specific_roles_or_ownership_or_admin","developer|manager|logistic|warehouse_chief|warehouse_manager|warehouse_worker|assigned_driver|admin","Inferred from controller action App\Http\Controllers\OrderController@edit"
"GET|HEAD","order/create","order.create","App\Http\Controllers\OrderController@create","web | Illuminate\Auth\Middleware\Authenticate | Illuminate\Auth\Middleware\EnsureEmailIsVerified | Illuminate\Auth\Middleware\Authorize:accessBackofficeArea","True","True","Illuminate\Auth\Middleware\Authorize:accessBackofficeArea","Order","create","policy_inferred","OrderPolicy.create","mixed","developer|manager|logistic|driver|admin","Inferred from controller action App\Http\Controllers\OrderController@create"
"GET|HEAD","order-items/{orderItem}/explosions","api.order-items.explosions.show","App\Http\Controllers\OrderItemExplosionController@show","web | Illuminate\Auth\Middleware\Authenticate | Illuminate\Auth\Middleware\EnsureEmailIsVerified | Illuminate\Auth\Middleware\Authorize:accessWarehouseArea","True","True","Illuminate\Auth\Middleware\Authorize:accessWarehouseArea","","","gate","accessWarehouseArea","specific_roles_plus_admin","developer|manager|logistic|warehouse_chief|warehouse_manager|warehouse_worker|admin","Area gate for warehouse resources"
"PUT","order-items/{orderItem}/explosions/sync","api.order-items.explosions.sync","App\Http\Controllers\OrderItemExplosionController@sync","web | Illuminate\Auth\Middleware\Authenticate | Illuminate\Auth\Middleware\EnsureEmailIsVerified | Illuminate\Auth\Middleware\Authorize:accessWarehouseArea","True","True","Illuminate\Auth\Middleware\Authorize:accessWarehouseArea","","","gate","accessWarehouseArea","specific_roles_plus_admin","developer|manager|logistic|warehouse_chief|warehouse_manager|warehouse_worker|admin","Area gate for warehouse resources"
"DELETE","recipe-nodes/{node}","recipes.nodes.destroy","App\Http\Controllers\RecipeNodeController@destroy","web | Illuminate\Auth\Middleware\Authenticate | Illuminate\Auth\Middleware\EnsureEmailIsVerified | Illuminate\Auth\Middleware\Authorize:accessWarehouseArea","True","True","Illuminate\Auth\Middleware\Authorize:accessWarehouseArea","","","gate","accessWarehouseArea","specific_roles_plus_admin","developer|manager|logistic|warehouse_chief|warehouse_manager|warehouse_worker|admin","Area gate for warehouse resources"
"PUT","recipe-nodes/{node}","recipes.nodes.update","App\Http\Controllers\RecipeNodeController@update","web | Illuminate\Auth\Middleware\Authenticate | Illuminate\Auth\Middleware\EnsureEmailIsVerified | Illuminate\Auth\Middleware\Authorize:accessWarehouseArea","True","True","Illuminate\Auth\Middleware\Authorize:accessWarehouseArea","","","gate","accessWarehouseArea","specific_roles_plus_admin","developer|manager|logistic|warehouse_chief|warehouse_manager|warehouse_worker|admin","Area gate for warehouse resources"
"POST","recipe-nodes/{node}/replace-children","recipes.nodes.replace-children","App\Http\Controllers\RecipeNodeController@replaceChildren","web | Illuminate\Auth\Middleware\Authenticate | Illuminate\Auth\Middleware\EnsureEmailIsVerified | Illuminate\Auth\Middleware\Authorize:accessWarehouseArea","True","True","Illuminate\Auth\Middleware\Authorize:accessWarehouseArea","","","gate","accessWarehouseArea","specific_roles_plus_admin","developer|manager|logistic|warehouse_chief|warehouse_manager|warehouse_worker|admin","Area gate for warehouse resources"
"GET|HEAD","recipes","recipes.index","App\Http\Controllers\RecipeController@index","web | Illuminate\Auth\Middleware\Authenticate | Illuminate\Auth\Middleware\EnsureEmailIsVerified | Illuminate\Auth\Middleware\Authorize:accessWarehouseArea","True","True","Illuminate\Auth\Middleware\Authorize:accessWarehouseArea","Recipe","viewAny","policy_inferred","RecipePolicy.viewAny","specific_roles_plus_admin","developer|manager|logistic|warehouse_chief|warehouse_manager|warehouse_worker|admin","Inferred from controller action App\Http\Controllers\RecipeController@index"
"POST","recipes","recipes.store","App\Http\Controllers\RecipeController@store","web | Illuminate\Auth\Middleware\Authenticate | Illuminate\Auth\Middleware\EnsureEmailIsVerified | Illuminate\Auth\Middleware\Authorize:accessWarehouseArea","True","True","Illuminate\Auth\Middleware\Authorize:accessWarehouseArea","Recipe","create","policy_inferred","RecipePolicy.create","control_roles_plus_admin","developer|manager|logistic|admin","Inferred from controller action App\Http\Controllers\RecipeController@store"
"DELETE","recipes/{recipe}","recipes.destroy","App\Http\Controllers\RecipeController@destroy","web | Illuminate\Auth\Middleware\Authenticate | Illuminate\Auth\Middleware\EnsureEmailIsVerified | Illuminate\Auth\Middleware\Authorize:accessWarehouseArea","True","True","Illuminate\Auth\Middleware\Authorize:accessWarehouseArea","Recipe","delete","policy_inferred","RecipePolicy.delete","control_roles_plus_admin","developer|manager|logistic|admin","Inferred from controller action App\Http\Controllers\RecipeController@destroy"
"GET|HEAD","recipes/{recipe}","recipes.show","App\Http\Controllers\RecipeController@show","web | Illuminate\Auth\Middleware\Authenticate | Illuminate\Auth\Middleware\EnsureEmailIsVerified | Illuminate\Auth\Middleware\Authorize:accessWarehouseArea","True","True","Illuminate\Auth\Middleware\Authorize:accessWarehouseArea","Recipe","view","policy_inferred","RecipePolicy.view","specific_roles_plus_admin","developer|manager|logistic|warehouse_chief|warehouse_manager|warehouse_worker|admin","Inferred from controller action App\Http\Controllers\RecipeController@show"
"PUT|PATCH","recipes/{recipe}","recipes.update","App\Http\Controllers\RecipeController@update","web | Illuminate\Auth\Middleware\Authenticate | Illuminate\Auth\Middleware\EnsureEmailIsVerified | Illuminate\Auth\Middleware\Authorize:accessWarehouseArea","True","True","Illuminate\Auth\Middleware\Authorize:accessWarehouseArea","Recipe","update","policy_inferred","RecipePolicy.update","control_roles_plus_admin","developer|manager|logistic|admin","Inferred from controller action App\Http\Controllers\RecipeController@update"
"GET|HEAD","recipes/{recipe}/edit","recipes.edit","App\Http\Controllers\RecipeController@edit","web | Illuminate\Auth\Middleware\Authenticate | Illuminate\Auth\Middleware\EnsureEmailIsVerified | Illuminate\Auth\Middleware\Authorize:accessWarehouseArea","True","True","Illuminate\Auth\Middleware\Authorize:accessWarehouseArea","Recipe","view","policy_inferred","RecipePolicy.view","specific_roles_plus_admin","developer|manager|logistic|warehouse_chief|warehouse_manager|warehouse_worker|admin","Inferred from controller action App\Http\Controllers\RecipeController@edit"
"GET|HEAD","recipes/{recipe}/nodes","recipes.nodes","App\Http\Controllers\RecipeNodeController@index","web | Illuminate\Auth\Middleware\Authenticate | Illuminate\Auth\Middleware\EnsureEmailIsVerified | Illuminate\Auth\Middleware\Authorize:accessWarehouseArea","True","True","Illuminate\Auth\Middleware\Authorize:accessWarehouseArea","","","gate","accessWarehouseArea","specific_roles_plus_admin","developer|manager|logistic|warehouse_chief|warehouse_manager|warehouse_worker|admin","Area gate for warehouse resources"
"POST","recipes/{recipe}/nodes","recipes.nodes.store","App\Http\Controllers\RecipeNodeController@store","web | Illuminate\Auth\Middleware\Authenticate | Illuminate\Auth\Middleware\EnsureEmailIsVerified | Illuminate\Auth\Middleware\Authorize:accessWarehouseArea","True","True","Illuminate\Auth\Middleware\Authorize:accessWarehouseArea","","","gate","accessWarehouseArea","specific_roles_plus_admin","developer|manager|logistic|warehouse_chief|warehouse_manager|warehouse_worker|admin","Area gate for warehouse resources"
"PUT","recipes/{recipe}/nodes/sync","recipes.nodes.sync","App\Http\Controllers\RecipeNodeController@sync","web | Illuminate\Auth\Middleware\Authenticate | Illuminate\Auth\Middleware\EnsureEmailIsVerified | Illuminate\Auth\Middleware\Authorize:accessWarehouseArea","True","True","Illuminate\Auth\Middleware\Authorize:accessWarehouseArea","","","gate","accessWarehouseArea","specific_roles_plus_admin","developer|manager|logistic|warehouse_chief|warehouse_manager|warehouse_worker|admin","Area gate for warehouse resources"
"GET|HEAD","recipes/create","recipes.create","App\Http\Controllers\RecipeController@create","web | Illuminate\Auth\Middleware\Authenticate | Illuminate\Auth\Middleware\EnsureEmailIsVerified | Illuminate\Auth\Middleware\Authorize:accessWarehouseArea","True","True","Illuminate\Auth\Middleware\Authorize:accessWarehouseArea","Recipe","create","policy_inferred","RecipePolicy.create","control_roles_plus_admin","developer|manager|logistic|admin","Inferred from controller action App\Http\Controllers\RecipeController@create"
"GET|HEAD","recipes/default-tree",,"App\Http\Controllers\API_RecipeController@defaultTree","web | Illuminate\Auth\Middleware\Authenticate | Illuminate\Auth\Middleware\EnsureEmailIsVerified | Illuminate\Auth\Middleware\Authorize:accessWarehouseArea","True","True","Illuminate\Auth\Middleware\Authorize:accessWarehouseArea","","","policy","CatalogItemPolicy.viewAny","specific_roles_plus_admin","developer|manager|logistic|warehouse_chief|warehouse_manager|warehouse_worker|admin","Recipe default tree lookup"
"GET|HEAD","site","site.index","App\Http\Controllers\SiteController@index","web | Illuminate\Auth\Middleware\Authenticate | Illuminate\Auth\Middleware\EnsureEmailIsVerified | Illuminate\Auth\Middleware\Authorize:accessBackofficeArea | Illuminate\Auth\Middleware\Authorize:viewAny,App\Models\Site","True","True","Illuminate\Auth\Middleware\Authorize:accessBackofficeArea","","","route_middleware_authorize","viewAny,App\Models\Site","middleware_authorize","","Derived from route middleware Authorize:*"
"POST","site","site.store","App\Http\Controllers\SiteController@store","web | Illuminate\Auth\Middleware\Authenticate | Illuminate\Auth\Middleware\EnsureEmailIsVerified | Illuminate\Auth\Middleware\Authorize:accessBackofficeArea | Illuminate\Auth\Middleware\Authorize:create,App\Models\Site","True","True","Illuminate\Auth\Middleware\Authorize:accessBackofficeArea","","","route_middleware_authorize","create,App\Models\Site","middleware_authorize","","Derived from route middleware Authorize:*"
"DELETE","site/{site}","site.destroy","App\Http\Controllers\SiteController@destroy","web | Illuminate\Auth\Middleware\Authenticate | Illuminate\Auth\Middleware\EnsureEmailIsVerified | Illuminate\Auth\Middleware\Authorize:accessBackofficeArea | Illuminate\Auth\Middleware\Authorize:delete,site","True","True","Illuminate\Auth\Middleware\Authorize:accessBackofficeArea","","","route_middleware_authorize","delete,site","middleware_authorize","","Derived from route middleware Authorize:*"
"GET|HEAD","site/{site}","site.show","App\Http\Controllers\SiteController@show","web | Illuminate\Auth\Middleware\Authenticate | Illuminate\Auth\Middleware\EnsureEmailIsVerified | Illuminate\Auth\Middleware\Authorize:accessBackofficeArea | Illuminate\Auth\Middleware\Authorize:view,site","True","True","Illuminate\Auth\Middleware\Authorize:accessBackofficeArea","","","route_middleware_authorize","view,site","middleware_authorize","","Derived from route middleware Authorize:*"
"PUT|PATCH","site/{site}","site.update","App\Http\Controllers\SiteController@update","web | Illuminate\Auth\Middleware\Authenticate | Illuminate\Auth\Middleware\EnsureEmailIsVerified | Illuminate\Auth\Middleware\Authorize:accessBackofficeArea | Illuminate\Auth\Middleware\Authorize:update,site","True","True","Illuminate\Auth\Middleware\Authorize:accessBackofficeArea","","","route_middleware_authorize","update,site","middleware_authorize","","Derived from route middleware Authorize:*"
"GET|HEAD","site/{site}/edit","site.edit","App\Http\Controllers\SiteController@edit","web | Illuminate\Auth\Middleware\Authenticate | Illuminate\Auth\Middleware\EnsureEmailIsVerified | Illuminate\Auth\Middleware\Authorize:accessBackofficeArea | Illuminate\Auth\Middleware\Authorize:update,site","True","True","Illuminate\Auth\Middleware\Authorize:accessBackofficeArea","","","route_middleware_authorize","update,site","middleware_authorize","","Derived from route middleware Authorize:*"
"GET|HEAD","site/create","site.create","App\Http\Controllers\SiteController@create","web | Illuminate\Auth\Middleware\Authenticate | Illuminate\Auth\Middleware\EnsureEmailIsVerified | Illuminate\Auth\Middleware\Authorize:accessBackofficeArea | Illuminate\Auth\Middleware\Authorize:create,App\Models\Site","True","True","Illuminate\Auth\Middleware\Authorize:accessBackofficeArea","","","route_middleware_authorize","create,App\Models\Site","middleware_authorize","","Derived from route middleware Authorize:*"
"GET|HEAD","trailer","trailer.index","App\Http\Controllers\TrailerController@index","web | Illuminate\Auth\Middleware\Authenticate | Illuminate\Auth\Middleware\EnsureEmailIsVerified | Illuminate\Auth\Middleware\Authorize:accessBackofficeArea | Illuminate\Auth\Middleware\Authorize:viewAny,App\Models\Trailer","True","True","Illuminate\Auth\Middleware\Authorize:accessBackofficeArea","","","route_middleware_authorize","viewAny,App\Models\Trailer","middleware_authorize","","Derived from route middleware Authorize:*"
"POST","trailer","trailer.store","App\Http\Controllers\TrailerController@store","web | Illuminate\Auth\Middleware\Authenticate | Illuminate\Auth\Middleware\EnsureEmailIsVerified | Illuminate\Auth\Middleware\Authorize:accessBackofficeArea | Illuminate\Auth\Middleware\Authorize:create,App\Models\Trailer","True","True","Illuminate\Auth\Middleware\Authorize:accessBackofficeArea","","","route_middleware_authorize","create,App\Models\Trailer","middleware_authorize","","Derived from route middleware Authorize:*"
"DELETE","trailer/{trailer}","trailer.destroy","App\Http\Controllers\TrailerController@destroy","web | Illuminate\Auth\Middleware\Authenticate | Illuminate\Auth\Middleware\EnsureEmailIsVerified | Illuminate\Auth\Middleware\Authorize:accessBackofficeArea | Illuminate\Auth\Middleware\Authorize:delete,trailer","True","True","Illuminate\Auth\Middleware\Authorize:accessBackofficeArea","","","route_middleware_authorize","delete,trailer","middleware_authorize","","Derived from route middleware Authorize:*"
"GET|HEAD","trailer/{trailer}","trailer.show","App\Http\Controllers\TrailerController@show","web | Illuminate\Auth\Middleware\Authenticate | Illuminate\Auth\Middleware\EnsureEmailIsVerified | Illuminate\Auth\Middleware\Authorize:accessBackofficeArea | Illuminate\Auth\Middleware\Authorize:view,trailer","True","True","Illuminate\Auth\Middleware\Authorize:accessBackofficeArea","","","route_middleware_authorize","view,trailer","middleware_authorize","","Derived from route middleware Authorize:*"
"PUT|PATCH","trailer/{trailer}","trailer.update","App\Http\Controllers\TrailerController@update","web | Illuminate\Auth\Middleware\Authenticate | Illuminate\Auth\Middleware\EnsureEmailIsVerified | Illuminate\Auth\Middleware\Authorize:accessBackofficeArea | Illuminate\Auth\Middleware\Authorize:update,trailer","True","True","Illuminate\Auth\Middleware\Authorize:accessBackofficeArea","","","route_middleware_authorize","update,trailer","middleware_authorize","","Derived from route middleware Authorize:*"
"GET|HEAD","trailer/{trailer}/edit","trailer.edit","App\Http\Controllers\TrailerController@edit","web | Illuminate\Auth\Middleware\Authenticate | Illuminate\Auth\Middleware\EnsureEmailIsVerified | Illuminate\Auth\Middleware\Authorize:accessBackofficeArea | Illuminate\Auth\Middleware\Authorize:update,trailer","True","True","Illuminate\Auth\Middleware\Authorize:accessBackofficeArea","","","route_middleware_authorize","update,trailer","middleware_authorize","","Derived from route middleware Authorize:*"
"GET|HEAD","trailer/create","trailer.create","App\Http\Controllers\TrailerController@create","web | Illuminate\Auth\Middleware\Authenticate | Illuminate\Auth\Middleware\EnsureEmailIsVerified | Illuminate\Auth\Middleware\Authorize:accessBackofficeArea | Illuminate\Auth\Middleware\Authorize:create,App\Models\Trailer","True","True","Illuminate\Auth\Middleware\Authorize:accessBackofficeArea","","","route_middleware_authorize","create,App\Models\Trailer","middleware_authorize","","Derived from route middleware Authorize:*"
"GET|HEAD","user","user.index","App\Http\Controllers\UserController@index","web | Illuminate\Auth\Middleware\Authenticate | Illuminate\Auth\Middleware\EnsureEmailIsVerified | Illuminate\Auth\Middleware\Authorize:accessBackofficeArea","True","True","Illuminate\Auth\Middleware\Authorize:accessBackofficeArea","User","viewAny","policy_inferred","UserPolicy.viewAny","specific_roles_plus_admin","developer|manager|logistic|admin","Inferred from controller action App\Http\Controllers\UserController@index"
"POST","user","user.store","App\Http\Controllers\UserController@store","web | Illuminate\Auth\Middleware\Authenticate | Illuminate\Auth\Middleware\EnsureEmailIsVerified | Illuminate\Auth\Middleware\Authorize:accessBackofficeArea","True","True","Illuminate\Auth\Middleware\Authorize:accessBackofficeArea","User","create","policy_inferred","UserPolicy.create","specific_roles_plus_admin","developer|manager|logistic|admin","Inferred from controller action App\Http\Controllers\UserController@store"
"DELETE","user/{user}","user.destroy","App\Http\Controllers\UserController@destroy","web | Illuminate\Auth\Middleware\Authenticate | Illuminate\Auth\Middleware\EnsureEmailIsVerified | Illuminate\Auth\Middleware\Authorize:accessBackofficeArea","True","True","Illuminate\Auth\Middleware\Authorize:accessBackofficeArea","User","delete","policy_inferred","UserPolicy.delete","specific_roles_plus_admin","developer|manager|logistic|admin_except_self","Inferred from controller action App\Http\Controllers\UserController@destroy"
"GET|HEAD","user/{user}","user.show","App\Http\Controllers\UserController@show","web | Illuminate\Auth\Middleware\Authenticate | Illuminate\Auth\Middleware\EnsureEmailIsVerified | Illuminate\Auth\Middleware\Authorize:accessBackofficeArea","True","True","Illuminate\Auth\Middleware\Authorize:accessBackofficeArea","User","view","policy_inferred","UserPolicy.view","specific_roles_plus_admin","developer|manager|logistic|admin","Inferred from controller action App\Http\Controllers\UserController@show"
"PUT|PATCH","user/{user}","user.update","App\Http\Controllers\UserController@update","web | Illuminate\Auth\Middleware\Authenticate | Illuminate\Auth\Middleware\EnsureEmailIsVerified | Illuminate\Auth\Middleware\Authorize:accessBackofficeArea","True","True","Illuminate\Auth\Middleware\Authorize:accessBackofficeArea","User","update","policy_inferred","UserPolicy.update","specific_roles_plus_admin","developer|manager|logistic|admin","Inferred from controller action App\Http\Controllers\UserController@update"
"GET|HEAD","user/{user}/edit","user.edit","App\Http\Controllers\UserController@edit","web | Illuminate\Auth\Middleware\Authenticate | Illuminate\Auth\Middleware\EnsureEmailIsVerified | Illuminate\Auth\Middleware\Authorize:accessBackofficeArea","True","True","Illuminate\Auth\Middleware\Authorize:accessBackofficeArea","User","view","policy_inferred","UserPolicy.view","specific_roles_plus_admin","developer|manager|logistic|admin","Inferred from controller action App\Http\Controllers\UserController@edit"
"GET|HEAD","user/create","user.create","App\Http\Controllers\UserController@create","web | Illuminate\Auth\Middleware\Authenticate | Illuminate\Auth\Middleware\EnsureEmailIsVerified | Illuminate\Auth\Middleware\Authorize:accessBackofficeArea","True","True","Illuminate\Auth\Middleware\Authorize:accessBackofficeArea","User","create","policy_inferred","UserPolicy.create","specific_roles_plus_admin","developer|manager|logistic|admin","Inferred from controller action App\Http\Controllers\UserController@create"
"GET|HEAD","user-account","user-account.index","App\Http\Controllers\UserAccountController@index","web | Illuminate\Auth\Middleware\Authenticate | Illuminate\Auth\Middleware\EnsureEmailIsVerified","True","True","","","","controller_scope","request_user_profile","ownership","authenticated_verified_user_self","Loads only request()->user() profile"
"POST","user-account","user-account.store","App\Http\Controllers\UserAccountController@store","web | Illuminate\Auth\Middleware\Authenticate | Illuminate\Auth\Middleware\EnsureEmailIsVerified","True","True","","","","middleware_only","auth+verified","verified","authenticated_verified_users","No explicit Gate/policy in controller"
"GET|HEAD","user-account/{user_account}/edit","user-account.edit","App\Http\Controllers\UserAccountController@edit","web | Illuminate\Auth\Middleware\Authenticate | Illuminate\Auth\Middleware\EnsureEmailIsVerified","True","True","","","","controller_scope","request_user_profile","ownership","authenticated_verified_user_self","Route model is ignored; form uses request()->user()"
"PUT|POST","user-account/{user}","user-account.update","App\Http\Controllers\UserAccountController@update","web | Illuminate\Auth\Middleware\Authenticate | Illuminate\Auth\Middleware\EnsureEmailIsVerified","True","True","","","","controller_check","self_or_admin","ownership_or_admin","target_user_or_admin","Controller explicitly allows profile update only for the bound user or an admin"
"GET|HEAD","user-account/create","user-account.create","App\Http\Controllers\UserAccountController@create","web | Illuminate\Auth\Middleware\Authenticate | Illuminate\Auth\Middleware\EnsureEmailIsVerified","True","True","","","","middleware_only","auth+verified","verified","authenticated_verified_users","No explicit Gate/policy in controller"
"GET|HEAD","vehicle","vehicle.index","App\Http\Controllers\VehicleController@index","web | Illuminate\Auth\Middleware\Authenticate | Illuminate\Auth\Middleware\EnsureEmailIsVerified | Illuminate\Auth\Middleware\Authorize:accessBackofficeArea | Illuminate\Auth\Middleware\Authorize:viewAny,App\Models\Vehicle","True","True","Illuminate\Auth\Middleware\Authorize:accessBackofficeArea","","","route_middleware_authorize","viewAny,App\Models\Vehicle","middleware_authorize","","Derived from route middleware Authorize:*"
"POST","vehicle","vehicle.store","App\Http\Controllers\VehicleController@store","web | Illuminate\Auth\Middleware\Authenticate | Illuminate\Auth\Middleware\EnsureEmailIsVerified | Illuminate\Auth\Middleware\Authorize:accessBackofficeArea | Illuminate\Auth\Middleware\Authorize:create,App\Models\Vehicle","True","True","Illuminate\Auth\Middleware\Authorize:accessBackofficeArea","","","route_middleware_authorize","create,App\Models\Vehicle","middleware_authorize","","Derived from route middleware Authorize:*"
"DELETE","vehicle/{vehicle}","vehicle.destroy","App\Http\Controllers\VehicleController@destroy","web | Illuminate\Auth\Middleware\Authenticate | Illuminate\Auth\Middleware\EnsureEmailIsVerified | Illuminate\Auth\Middleware\Authorize:accessBackofficeArea | Illuminate\Auth\Middleware\Authorize:delete,vehicle","True","True","Illuminate\Auth\Middleware\Authorize:accessBackofficeArea","","","route_middleware_authorize","delete,vehicle","middleware_authorize","","Derived from route middleware Authorize:*"
"GET|HEAD","vehicle/{vehicle}","vehicle.show","App\Http\Controllers\VehicleController@show","web | Illuminate\Auth\Middleware\Authenticate | Illuminate\Auth\Middleware\EnsureEmailIsVerified | Illuminate\Auth\Middleware\Authorize:accessBackofficeArea | Illuminate\Auth\Middleware\Authorize:view,vehicle","True","True","Illuminate\Auth\Middleware\Authorize:accessBackofficeArea","","","route_middleware_authorize","view,vehicle","middleware_authorize","","Derived from route middleware Authorize:*"
"PUT|PATCH","vehicle/{vehicle}","vehicle.update","App\Http\Controllers\VehicleController@update","web | Illuminate\Auth\Middleware\Authenticate | Illuminate\Auth\Middleware\EnsureEmailIsVerified | Illuminate\Auth\Middleware\Authorize:accessBackofficeArea | Illuminate\Auth\Middleware\Authorize:update,vehicle","True","True","Illuminate\Auth\Middleware\Authorize:accessBackofficeArea","","","route_middleware_authorize","update,vehicle","middleware_authorize","","Derived from route middleware Authorize:*"
"GET|HEAD","vehicle/{vehicle}/edit","vehicle.edit","App\Http\Controllers\VehicleController@edit","web | Illuminate\Auth\Middleware\Authenticate | Illuminate\Auth\Middleware\EnsureEmailIsVerified | Illuminate\Auth\Middleware\Authorize:accessBackofficeArea | Illuminate\Auth\Middleware\Authorize:update,vehicle","True","True","Illuminate\Auth\Middleware\Authorize:accessBackofficeArea","","","route_middleware_authorize","update,vehicle","middleware_authorize","","Derived from route middleware Authorize:*"
"GET|HEAD","vehicle/create","vehicle.create","App\Http\Controllers\VehicleController@create","web | Illuminate\Auth\Middleware\Authenticate | Illuminate\Auth\Middleware\EnsureEmailIsVerified | Illuminate\Auth\Middleware\Authorize:accessBackofficeArea | Illuminate\Auth\Middleware\Authorize:create,App\Models\Vehicle","True","True","Illuminate\Auth\Middleware\Authorize:accessBackofficeArea","","","route_middleware_authorize","create,App\Models\Vehicle","middleware_authorize","","Derived from route middleware Authorize:*"
"GET|HEAD","warehouse-manager/order-item/{orderItem}/image","warehouse-manager.order-item.image.create","App\Http\Controllers\WarehouseManagerOrderItemImageController@create","web | Illuminate\Auth\Middleware\Authenticate | Illuminate\Auth\Middleware\EnsureEmailIsVerified | Illuminate\Auth\Middleware\Authorize:accessWarehouseArea","True","True","Illuminate\Auth\Middleware\Authorize:accessWarehouseArea","","","gate","accessWarehouseArea","specific_roles_plus_admin","developer|manager|logistic|warehouse_chief|warehouse_manager|warehouse_worker|admin","Area gate for warehouse resources"
"DELETE","warehouse-manager/order-item/{orderItem}/image/{image}","warehouse-manager.order-item.image.destroy","App\Http\Controllers\WarehouseManagerOrderItemImageController@destroy","web | Illuminate\Auth\Middleware\Authenticate | Illuminate\Auth\Middleware\EnsureEmailIsVerified | Illuminate\Auth\Middleware\Authorize:accessWarehouseArea","True","True","Illuminate\Auth\Middleware\Authorize:accessWarehouseArea","","","gate","accessWarehouseArea","specific_roles_plus_admin","developer|manager|logistic|warehouse_chief|warehouse_manager|warehouse_worker|admin","Area gate for warehouse resources"
"POST","warehouse-manager/order-item/{orderItem}/image/create","warehouse-manager.order-item.image.store","App\Http\Controllers\WarehouseManagerOrderItemImageController@store","web | Illuminate\Auth\Middleware\Authenticate | Illuminate\Auth\Middleware\EnsureEmailIsVerified | Illuminate\Auth\Middleware\Authorize:accessWarehouseArea","True","True","Illuminate\Auth\Middleware\Authorize:accessWarehouseArea","","","gate","accessWarehouseArea","specific_roles_plus_admin","developer|manager|logistic|warehouse_chief|warehouse_manager|warehouse_worker|admin","Area gate for warehouse resources"
"GET|HEAD","warehouse-manager/order-items","warehouse-manager.order-items.index","App\Http\Controllers\WarehouseManagerOrderItemController@index","web | Illuminate\Auth\Middleware\Authenticate | Illuminate\Auth\Middleware\EnsureEmailIsVerified | Illuminate\Auth\Middleware\Authorize:accessWarehouseArea","True","True","Illuminate\Auth\Middleware\Authorize:accessWarehouseArea","","","gate","accessWarehouseArea","specific_roles_plus_admin","developer|manager|logistic|warehouse_chief|warehouse_manager|warehouse_worker|admin","Area gate for warehouse resources"
"GET|HEAD","warehouse-manager/orders","warehouse-manager.orders.index","App\Http\Controllers\WarehouseManagerOrderController@index","web | Illuminate\Auth\Middleware\Authenticate | Illuminate\Auth\Middleware\EnsureEmailIsVerified | Illuminate\Auth\Middleware\Authorize:accessWarehouseArea","True","True","Illuminate\Auth\Middleware\Authorize:accessWarehouseArea","","","gate","accessWarehouseArea","specific_roles_plus_admin","developer|manager|logistic|warehouse_chief|warehouse_manager|warehouse_worker|admin","Area gate for warehouse resources"
"POST","warehouse-manager/orders","warehouse-manager.orders.store","App\Http\Controllers\WarehouseManagerOrderController@store","web | Illuminate\Auth\Middleware\Authenticate | Illuminate\Auth\Middleware\EnsureEmailIsVerified | Illuminate\Auth\Middleware\Authorize:accessWarehouseArea","True","True","Illuminate\Auth\Middleware\Authorize:accessWarehouseArea","","","gate","accessWarehouseArea","specific_roles_plus_admin","developer|manager|logistic|warehouse_chief|warehouse_manager|warehouse_worker|admin","Area gate for warehouse resources"
"DELETE","warehouse-manager/orders/{order}","warehouse-manager.orders.destroy","App\Http\Controllers\WarehouseManagerOrderController@destroy","web | Illuminate\Auth\Middleware\Authenticate | Illuminate\Auth\Middleware\EnsureEmailIsVerified | Illuminate\Auth\Middleware\Authorize:accessWarehouseArea","True","True","Illuminate\Auth\Middleware\Authorize:accessWarehouseArea","","","gate","accessWarehouseArea","specific_roles_plus_admin","developer|manager|logistic|warehouse_chief|warehouse_manager|warehouse_worker|admin","Area gate for warehouse resources"
"GET|HEAD","warehouse-manager/orders/{order}","warehouse-manager.orders.show","App\Http\Controllers\WarehouseManagerOrderController@show","web | Illuminate\Auth\Middleware\Authenticate | Illuminate\Auth\Middleware\EnsureEmailIsVerified | Illuminate\Auth\Middleware\Authorize:accessWarehouseArea","True","True","Illuminate\Auth\Middleware\Authorize:accessWarehouseArea","","","gate","accessWarehouseArea","specific_roles_plus_admin","developer|manager|logistic|warehouse_chief|warehouse_manager|warehouse_worker|admin","Area gate for warehouse resources"
"PUT|PATCH","warehouse-manager/orders/{order}","warehouse-manager.orders.update","App\Http\Controllers\WarehouseManagerOrderController@update","web | Illuminate\Auth\Middleware\Authenticate | Illuminate\Auth\Middleware\EnsureEmailIsVerified | Illuminate\Auth\Middleware\Authorize:accessWarehouseArea","True","True","Illuminate\Auth\Middleware\Authorize:accessWarehouseArea","","","gate","accessWarehouseArea","specific_roles_plus_admin","developer|manager|logistic|warehouse_chief|warehouse_manager|warehouse_worker|admin","Area gate for warehouse resources"
"GET|HEAD","warehouse-manager/orders/{order}/edit","warehouse-manager.orders.edit","App\Http\Controllers\WarehouseManagerOrderController@edit","web | Illuminate\Auth\Middleware\Authenticate | Illuminate\Auth\Middleware\EnsureEmailIsVerified | Illuminate\Auth\Middleware\Authorize:accessWarehouseArea","True","True","Illuminate\Auth\Middleware\Authorize:accessWarehouseArea","","","gate","accessWarehouseArea","specific_roles_plus_admin","developer|manager|logistic|warehouse_chief|warehouse_manager|warehouse_worker|admin","Area gate for warehouse resources"
"POST","warehouse-manager/orders/{order}/items","warehouse.orders.items.store","App\Http\Controllers\WarehouseManagerOrderItemController@store","web | Illuminate\Auth\Middleware\Authenticate | Illuminate\Auth\Middleware\EnsureEmailIsVerified | Illuminate\Auth\Middleware\Authorize:accessWarehouseArea","True","True","Illuminate\Auth\Middleware\Authorize:accessWarehouseArea","","","gate","accessWarehouseArea","specific_roles_plus_admin","developer|manager|logistic|warehouse_chief|warehouse_manager|warehouse_worker|admin","Area gate for warehouse resources"
"GET|HEAD","warehouse-manager/orders/{order}/items/create","warehouse.orders.items.create","App\Http\Controllers\WarehouseManagerOrderItemController@create","web | Illuminate\Auth\Middleware\Authenticate | Illuminate\Auth\Middleware\EnsureEmailIsVerified | Illuminate\Auth\Middleware\Authorize:accessWarehouseArea","True","True","Illuminate\Auth\Middleware\Authorize:accessWarehouseArea","","","gate","accessWarehouseArea","specific_roles_plus_admin","developer|manager|logistic|warehouse_chief|warehouse_manager|warehouse_worker|admin","Area gate for warehouse resources"
"GET|HEAD","warehouse-manager/orders/create","warehouse-manager.orders.create","App\Http\Controllers\WarehouseManagerOrderController@create","web | Illuminate\Auth\Middleware\Authenticate | Illuminate\Auth\Middleware\EnsureEmailIsVerified | Illuminate\Auth\Middleware\Authorize:accessWarehouseArea","True","True","Illuminate\Auth\Middleware\Authorize:accessWarehouseArea","","","gate","accessWarehouseArea","specific_roles_plus_admin","developer|manager|logistic|warehouse_chief|warehouse_manager|warehouse_worker|admin","Area gate for warehouse resources"
"POST","withdraw","withdraw.store","App\Http\Controllers\WithdrawController@store","web | Illuminate\Auth\Middleware\Authenticate | Illuminate\Auth\Middleware\EnsureEmailIsVerified | Illuminate\Auth\Middleware\Authorize:accessBackofficeArea","True","True","Illuminate\Auth\Middleware\Authorize:accessBackofficeArea","Withdraw","create","policy_inferred","WithdrawPolicy.create","specific_roles_plus_admin","developer|manager|logistic|admin","Inferred from controller action App\Http\Controllers\WithdrawController@store"
"DELETE","withdraw/{withdraw}","withdraw.destroy","App\Http\Controllers\WithdrawController@destroy","web | Illuminate\Auth\Middleware\Authenticate | Illuminate\Auth\Middleware\EnsureEmailIsVerified | Illuminate\Auth\Middleware\Authorize:accessBackofficeArea","True","True","Illuminate\Auth\Middleware\Authorize:accessBackofficeArea","Withdraw","delete","policy_inferred","WithdrawPolicy.delete","specific_roles_plus_admin","developer|manager|logistic|admin","Inferred from controller action App\Http\Controllers\WithdrawController@destroy"
"PUT|PATCH","withdraw/{withdraw}","withdraw.update","App\Http\Controllers\WithdrawController@update","web | Illuminate\Auth\Middleware\Authenticate | Illuminate\Auth\Middleware\EnsureEmailIsVerified | Illuminate\Auth\Middleware\Authorize:accessBackofficeArea","True","True","Illuminate\Auth\Middleware\Authorize:accessBackofficeArea","Withdraw","update","policy_inferred","WithdrawPolicy.update","specific_roles_plus_admin","developer|manager|logistic|admin","Inferred from controller action App\Http\Controllers\WithdrawController@update"
"GET|HEAD","withdraw/{withdraw}/edit","withdraw.edit","App\Http\Controllers\WithdrawController@edit","web | Illuminate\Auth\Middleware\Authenticate | Illuminate\Auth\Middleware\EnsureEmailIsVerified | Illuminate\Auth\Middleware\Authorize:accessBackofficeArea","True","True","Illuminate\Auth\Middleware\Authorize:accessBackofficeArea","Withdraw","view","policy_inferred","WithdrawPolicy.view","specific_roles_plus_admin","developer|manager|logistic|admin","Inferred from controller action App\Http\Controllers\WithdrawController@edit"
"GET|HEAD","withdraw/create","withdraw.create","App\Http\Controllers\WithdrawController@create","web | Illuminate\Auth\Middleware\Authenticate | Illuminate\Auth\Middleware\EnsureEmailIsVerified | Illuminate\Auth\Middleware\Authorize:accessBackofficeArea","True","True","Illuminate\Auth\Middleware\Authorize:accessBackofficeArea","Withdraw","create","policy_inferred","WithdrawPolicy.create","specific_roles_plus_admin","developer|manager|logistic|admin","Inferred from controller action App\Http\Controllers\WithdrawController@create"
"POST","withdraws/{withdraw}/attach-file","withdraws.attach-file","App\Http\Controllers\WithdrawController@attachFile","web | Illuminate\Auth\Middleware\Authenticate | Illuminate\Auth\Middleware\EnsureEmailIsVerified","True","True","","","","stale_route","missing_controller_method","invalid","n/a","Route exists but attachFile method is not implemented in controller"
"PUT","withdraws/{withdraw}/update-state","withdraws.update-state","App\Http\Controllers\WithdrawController@updateState","web | Illuminate\Auth\Middleware\Authenticate | Illuminate\Auth\Middleware\EnsureEmailIsVerified","True","True","","Withdraw","update","policy_inferred","WithdrawPolicy.update","specific_roles_plus_admin","developer|manager|logistic|admin","Inferred from controller action App\Http\Controllers\WithdrawController@updateState"
"GET|HEAD","worker/journeyCargo","worker.journeyCargo.index","App\Http\Controllers\WorkerJourneyCargo@index","web | Illuminate\Auth\Middleware\Authenticate | Illuminate\Auth\Middleware\EnsureEmailIsVerified | Illuminate\Auth\Middleware\Authorize:accessWarehouseArea","True","True","Illuminate\Auth\Middleware\Authorize:accessWarehouseArea","","","gate","accessWarehouseArea","specific_roles_plus_admin","developer|manager|logistic|warehouse_chief|warehouse_manager|warehouse_worker|admin","Area gate for warehouse resources"
"POST","worker/journeyCargo","worker.journeyCargo.store","App\Http\Controllers\WorkerJourneyCargo@store","web | Illuminate\Auth\Middleware\Authenticate | Illuminate\Auth\Middleware\EnsureEmailIsVerified | Illuminate\Auth\Middleware\Authorize:accessWarehouseArea","True","True","Illuminate\Auth\Middleware\Authorize:accessWarehouseArea","","","gate","accessWarehouseArea","specific_roles_plus_admin","developer|manager|logistic|warehouse_chief|warehouse_manager|warehouse_worker|admin","Area gate for warehouse resources"
"DELETE","worker/journeyCargo/{journeyCargo}","worker.journeyCargo.destroy","App\Http\Controllers\WorkerJourneyCargo@destroy","web | Illuminate\Auth\Middleware\Authenticate | Illuminate\Auth\Middleware\EnsureEmailIsVerified | Illuminate\Auth\Middleware\Authorize:accessWarehouseArea","True","True","Illuminate\Auth\Middleware\Authorize:accessWarehouseArea","","","gate","accessWarehouseArea","specific_roles_plus_admin","developer|manager|logistic|warehouse_chief|warehouse_manager|warehouse_worker|admin","Area gate for warehouse resources"
"GET|HEAD","worker/journeyCargo/{journeyCargo}","worker.journeyCargo.show","App\Http\Controllers\WorkerJourneyCargo@show","web | Illuminate\Auth\Middleware\Authenticate | Illuminate\Auth\Middleware\EnsureEmailIsVerified | Illuminate\Auth\Middleware\Authorize:accessWarehouseArea","True","True","Illuminate\Auth\Middleware\Authorize:accessWarehouseArea","","","gate","accessWarehouseArea","specific_roles_plus_admin","developer|manager|logistic|warehouse_chief|warehouse_manager|warehouse_worker|admin","Area gate for warehouse resources"
"PUT|PATCH","worker/journeyCargo/{journeyCargo}","worker.journeyCargo.update","App\Http\Controllers\WorkerJourneyCargo@update","web | Illuminate\Auth\Middleware\Authenticate | Illuminate\Auth\Middleware\EnsureEmailIsVerified | Illuminate\Auth\Middleware\Authorize:accessWarehouseArea","True","True","Illuminate\Auth\Middleware\Authorize:accessWarehouseArea","","","gate","accessWarehouseArea","specific_roles_plus_admin","developer|manager|logistic|warehouse_chief|warehouse_manager|warehouse_worker|admin","Area gate for warehouse resources"
"GET|HEAD","worker/journeyCargo/{journeyCargo}/edit","worker.journeyCargo.edit","App\Http\Controllers\WorkerJourneyCargo@edit","web | Illuminate\Auth\Middleware\Authenticate | Illuminate\Auth\Middleware\EnsureEmailIsVerified | Illuminate\Auth\Middleware\Authorize:accessWarehouseArea","True","True","Illuminate\Auth\Middleware\Authorize:accessWarehouseArea","","","gate","accessWarehouseArea","specific_roles_plus_admin","developer|manager|logistic|warehouse_chief|warehouse_manager|warehouse_worker|admin","Area gate for warehouse resources"
"GET|HEAD","worker/journeyCargo/create","worker.journeyCargo.create","App\Http\Controllers\WorkerJourneyCargo@create","web | Illuminate\Auth\Middleware\Authenticate | Illuminate\Auth\Middleware\EnsureEmailIsVerified | Illuminate\Auth\Middleware\Authorize:accessWarehouseArea","True","True","Illuminate\Auth\Middleware\Authorize:accessWarehouseArea","","","gate","accessWarehouseArea","specific_roles_plus_admin","developer|manager|logistic|warehouse_chief|warehouse_manager|warehouse_worker|admin","Area gate for warehouse resources"
